Date,Open,High,Low,Close,Volume,Dividends,Stock Splits,Name
2013-06-04,20.62,20.62,20.62,20.62,100,0.0,0,RVNU
2013-06-05,20.62,20.62,20.62,20.62,0,0.0,0,RVNU
2013-06-06,20.65,20.65,20.64,20.64,1600,0.0,0,RVNU
2013-06-07,20.64,20.64,20.64,20.64,0,0.0,0,RVNU
2013-06-10,20.64,20.64,20.64,20.64,0,0.0,0,RVNU
2013-06-11,20.47,20.47,20.47,20.47,2200,0.0,0,RVNU
2013-06-12,20.27,20.27,20.27,20.27,400,0.0,0,RVNU
2013-06-13,20.27,20.27,20.27,20.27,0,0.0,0,RVNU
2013-06-14,20.2,20.27,20.2,20.21,3800,0.0,0,RVNU
2013-06-17,20.27,20.27,20.23,20.23,1000,0.0,0,RVNU
2013-06-18,20.23,20.42,20.16,20.16,11500,0.0,0,RVNU
2013-06-19,20.09,20.09,20.09,20.09,100,0.0,0,RVNU
2013-06-20,20.0,20.0,19.88,19.88,4800,0.0,0,RVNU
2013-06-21,19.54,19.58,19.44,19.58,7200,0.0,0,RVNU
2013-06-24,19.24,19.24,19.24,19.24,1100,0.0,0,RVNU
2013-06-25,18.9,18.9,18.9,18.9,100,0.0,0,RVNU
2013-06-26,18.98,18.99,18.97,18.99,12100,0.0,0,RVNU
2013-06-27,19.32,19.32,19.23,19.23,2500,0.0,0,RVNU
2013-06-28,19.25,19.25,19.2,19.2,1800,0.0,0,RVNU
2013-07-01,19.14,19.14,19.14,19.14,1100,0.027,0,RVNU
2013-07-02,19.17,19.21,19.17,19.21,1500,0.0,0,RVNU
2013-07-03,19.21,19.21,19.21,19.21,0,0.0,0,RVNU
2013-07-05,19.21,19.21,19.21,19.21,0,0.0,0,RVNU
2013-07-08,19.21,19.21,19.21,19.21,0,0.0,0,RVNU
2013-07-09,19.17,19.19,19.01,19.01,400,0.0,0,RVNU
2013-07-10,19.01,19.01,19.01,19.01,0,0.0,0,RVNU
2013-07-11,19.01,19.01,19.01,19.01,0,0.0,0,RVNU
2013-07-12,19.01,19.01,19.01,19.01,0,0.0,0,RVNU
2013-07-15,19.03,19.03,19.03,19.03,900,0.0,0,RVNU
2013-07-16,19.03,19.03,19.03,19.03,0,0.0,0,RVNU
2013-07-17,19.0,19.0,18.91,18.91,600,0.0,0,RVNU
2013-07-18,18.98,19.0,18.95,19.0,500,0.0,0,RVNU
2013-07-19,19.0,19.0,19.0,19.0,0,0.0,0,RVNU
2013-07-22,19.0,19.0,19.0,19.0,0,0.0,0,RVNU
2013-07-23,18.81,18.81,18.81,18.81,100,0.0,0,RVNU
2013-07-24,18.71,18.78,18.6,18.6,2400,0.0,0,RVNU
2013-07-25,18.6,18.6,18.6,18.6,100,0.0,0,RVNU
2013-07-26,18.64,18.74,18.64,18.74,1100,0.0,0,RVNU
2013-07-29,18.99,18.99,18.99,18.99,300,0.0,0,RVNU
2013-07-30,18.99,18.99,18.99,18.99,0,0.0,0,RVNU
2013-07-31,18.99,18.99,18.99,18.99,0,0.0,0,RVNU
2013-08-01,18.85,18.85,18.85,18.85,600,0.07,0,RVNU
2013-08-02,18.85,18.85,18.85,18.85,0,0.0,0,RVNU
2013-08-05,18.71,18.71,18.71,18.71,200,0.0,0,RVNU
2013-08-06,18.71,18.71,18.71,18.71,0,0.0,0,RVNU
2013-08-07,18.71,18.71,18.71,18.71,0,0.0,0,RVNU
2013-08-08,18.86,18.86,18.86,18.86,100,0.0,0,RVNU
2013-08-09,18.86,18.86,18.78,18.78,500,0.0,0,RVNU
2013-08-12,18.78,18.78,18.78,18.78,0,0.0,0,RVNU
2013-08-13,18.78,18.78,18.78,18.78,0,0.0,0,RVNU
2013-08-14,18.78,18.78,18.78,18.78,0,0.0,0,RVNU
2013-08-15,18.49,18.57,18.15,18.23,11500,0.0,0,RVNU
2013-08-16,18.2,18.2,18.2,18.2,500,0.0,0,RVNU
2013-08-19,18.28,18.28,18.28,18.28,200,0.0,0,RVNU
2013-08-20,18.23,18.23,17.93,17.93,2800,0.0,0,RVNU
2013-08-21,17.88,17.88,17.83,17.83,17600,0.0,0,RVNU
2013-08-22,18.24,18.24,18.05,18.05,400,0.0,0,RVNU
2013-08-23,18.16,18.16,18.16,18.16,200,0.0,0,RVNU
2013-08-26,18.04,18.04,18.04,18.04,1100,0.0,0,RVNU
2013-08-27,17.83,17.84,17.83,17.84,2300,0.0,0,RVNU
2013-08-28,18.48,18.48,17.95,17.95,3100,0.0,0,RVNU
2013-08-29,17.95,17.95,17.95,17.95,0,0.0,0,RVNU
2013-08-30,18.19,18.24,18.04,18.04,9100,0.0,0,RVNU
2013-09-03,17.95,17.99,17.95,17.95,1900,0.07,0,RVNU
2013-09-04,18.04,18.18,17.85,17.85,10000,0.0,0,RVNU
2013-09-05,17.88,17.88,17.7,17.7,14200,0.0,0,RVNU
2013-09-06,17.74,17.93,17.74,17.78,12900,0.0,0,RVNU
2013-09-09,17.89,17.89,17.8,17.8,12600,0.0,0,RVNU
2013-09-10,17.99,17.99,17.76,17.76,25000,0.0,0,RVNU
2013-09-11,18.0,18.0,17.82,17.83,24000,0.0,0,RVNU
2013-09-12,17.98,17.98,17.89,17.89,2400,0.0,0,RVNU
2013-09-13,18.2,18.27,18.11,18.15,12200,0.0,0,RVNU
2013-09-16,18.39,18.39,18.18,18.28,2100,0.0,0,RVNU
2013-09-17,18.24,18.24,18.16,18.23,2900,0.0,0,RVNU
2013-09-18,18.32,18.32,18.32,18.32,1300,0.0,0,RVNU
2013-09-19,18.47,18.53,18.47,18.47,3600,0.0,0,RVNU
2013-09-20,18.59,18.59,18.57,18.57,500,0.0,0,RVNU
2013-09-23,18.5,18.53,18.5,18.53,2600,0.0,0,RVNU
2013-09-24,18.57,18.57,18.42,18.45,8500,0.0,0,RVNU
2013-09-25,18.48,18.48,18.47,18.47,2500,0.0,0,RVNU
2013-09-26,18.52,19.09,18.52,19.0,108200,0.0,0,RVNU
2013-09-27,18.68,19.09,18.68,19.05,800,0.0,0,RVNU
2013-09-30,19.0,19.09,18.89,18.92,2500,0.0,0,RVNU
2013-10-01,18.98,18.98,18.87,18.87,2000,0.07,0,RVNU
2013-10-02,18.94,18.99,18.86,18.92,75700,0.0,0,RVNU
2013-10-03,18.92,18.92,18.92,18.92,0,0.0,0,RVNU
2013-10-04,18.95,18.95,18.95,18.95,300,0.0,0,RVNU
2013-10-07,18.95,18.95,18.95,18.95,0,0.0,0,RVNU
2013-10-08,18.97,18.97,18.97,18.97,500,0.0,0,RVNU
2013-10-09,18.93,18.93,18.92,18.92,3400,0.0,0,RVNU
2013-10-10,18.73,18.86,18.73,18.86,1100,0.0,0,RVNU
2013-10-11,18.81,18.96,18.81,18.93,8200,0.0,0,RVNU
2013-10-14,18.92,18.92,18.82,18.86,3700,0.0,0,RVNU
2013-10-15,19.0,19.0,18.87,18.95,1500,0.0,0,RVNU
2013-10-16,18.92,18.98,18.78,18.92,12000,0.0,0,RVNU
2013-10-17,18.8,18.83,18.8,18.83,500,0.0,0,RVNU
2013-10-18,18.89,18.89,18.83,18.83,1800,0.0,0,RVNU
2013-10-21,18.86,18.86,18.86,18.86,300,0.0,0,RVNU
2013-10-22,18.98,18.98,18.95,18.96,2100,0.0,0,RVNU
2013-10-23,19.0,19.0,18.93,18.93,3100,0.0,0,RVNU
2013-10-24,19.15,19.37,19.01,19.29,52000,0.0,0,RVNU
2013-10-25,19.47,19.47,19.41,19.44,4200,0.0,0,RVNU
2013-10-28,19.49,19.52,19.39,19.52,17400,0.0,0,RVNU
2013-10-29,19.56,19.56,19.52,19.52,2000,0.0,0,RVNU
2013-10-30,19.52,19.52,19.52,19.52,1000,0.0,0,RVNU
2013-10-31,19.58,19.58,19.56,19.57,3500,0.0,0,RVNU
2013-11-01,19.63,19.65,19.54,19.61,15600,0.076,0,RVNU
2013-11-04,19.6,19.6,19.58,19.59,33800,0.0,0,RVNU
2013-11-05,19.55,19.55,19.46,19.46,5700,0.0,0,RVNU
2013-11-06,19.42,19.44,19.4,19.42,12700,0.0,0,RVNU
2013-11-07,19.45,19.58,19.45,19.5,12100,0.0,0,RVNU
2013-11-08,19.39,19.4,19.38,19.4,7300,0.0,0,RVNU
2013-11-11,19.48,19.48,19.35,19.36,11200,0.0,0,RVNU
2013-11-12,19.39,19.39,19.35,19.37,12400,0.0,0,RVNU
2013-11-13,19.35,19.43,19.35,19.43,5100,0.0,0,RVNU
2013-11-14,19.38,19.49,19.38,19.4,31900,0.0,0,RVNU
2013-11-15,19.46,19.46,19.45,19.45,2500,0.0,0,RVNU
2013-11-18,19.44,19.5,19.44,19.47,8100,0.0,0,RVNU
2013-11-19,19.48,19.5,19.46,19.49,9100,0.0,0,RVNU
2013-11-20,19.55,19.55,19.46,19.46,5700,0.0,0,RVNU
2013-11-21,19.45,19.45,19.43,19.43,6000,0.0,0,RVNU
2013-11-22,19.35,19.35,19.35,19.35,500,0.0,0,RVNU
2013-11-25,19.41,19.47,19.41,19.47,3200,0.0,0,RVNU
2013-11-26,19.47,19.47,19.47,19.47,0,0.0,0,RVNU
2013-11-27,19.49,19.49,19.49,19.49,4500,0.0,0,RVNU
2013-11-29,19.49,19.49,19.49,19.49,0,0.0,0,RVNU
2013-12-02,19.4,19.45,19.4,19.41,800,0.07,0,RVNU
2013-12-03,19.41,19.41,19.41,19.41,0,0.0,0,RVNU
2013-12-04,19.38,19.38,19.36,19.36,5800,0.0,0,RVNU
2013-12-05,19.36,19.36,19.36,19.36,0,0.0,0,RVNU
2013-12-06,19.3,19.3,19.26,19.28,2700,0.0,0,RVNU
2013-12-09,19.35,19.35,19.34,19.34,300,0.0,0,RVNU
2013-12-10,19.36,19.36,19.31,19.35,4700,0.0,0,RVNU
2013-12-11,19.38,19.38,19.38,19.38,100,0.0,0,RVNU
2013-12-12,19.46,19.46,19.38,19.38,900,0.0,0,RVNU
2013-12-13,19.44,19.45,19.41,19.45,1200,0.0,0,RVNU
2013-12-16,19.45,19.45,19.45,19.45,0,0.0,0,RVNU
2013-12-17,19.45,19.45,19.45,19.45,1000,0.0,0,RVNU
2013-12-18,19.32,19.48,19.32,19.38,4800,0.0,0,RVNU
2013-12-19,19.31,19.31,19.31,19.31,600,0.0,0,RVNU
2013-12-20,19.31,19.31,19.31,19.31,0,0.0,0,RVNU
2013-12-23,19.36,19.4,19.35,19.35,700,0.0,0,RVNU
2013-12-24,19.35,19.35,19.35,19.35,0,0.0,0,RVNU
2013-12-26,19.42,19.42,19.41,19.41,1100,0.07,0,RVNU
2013-12-27,19.41,19.41,19.41,19.41,0,0.0,0,RVNU
2013-12-30,19.45,19.54,19.45,19.53,2500,0.0,0,RVNU
2013-12-31,19.53,19.53,19.53,19.53,0,0.0,0,RVNU
2014-01-02,19.48,19.48,19.44,19.44,800,0.0,0,RVNU
2014-01-03,19.45,19.45,19.44,19.44,1200,0.0,0,RVNU
2014-01-06,19.45,19.45,19.45,19.45,500,0.0,0,RVNU
2014-01-07,19.52,19.52,19.5,19.5,3300,0.0,0,RVNU
2014-01-08,19.52,19.52,19.52,19.52,1200,0.0,0,RVNU
2014-01-09,19.54,19.54,19.54,19.54,1100,0.0,0,RVNU
2014-01-10,19.66,19.71,19.66,19.71,18200,0.0,0,RVNU
2014-01-13,19.71,19.71,19.71,19.71,0,0.0,0,RVNU
2014-01-14,19.71,19.71,19.71,19.71,0,0.0,0,RVNU
2014-01-15,19.8,19.8,19.75,19.79,9100,0.0,0,RVNU
2014-01-16,19.82,19.82,19.78,19.78,1400,0.0,0,RVNU
2014-01-17,19.85,19.91,19.85,19.85,300,0.0,0,RVNU
2014-01-21,19.87,19.93,19.87,19.92,1500,0.0,0,RVNU
2014-01-22,19.94,19.95,19.9,19.93,13700,0.0,0,RVNU
2014-01-23,20.03,20.03,20.03,20.03,1500,0.0,0,RVNU
2014-01-24,20.04,20.04,20.0,20.0,1500,0.0,0,RVNU
2014-01-27,20.05,20.05,20.04,20.04,3000,0.0,0,RVNU
2014-01-28,20.09,20.12,20.09,20.12,4400,0.0,0,RVNU
2014-01-29,20.09,20.09,20.01,20.08,12900,0.0,0,RVNU
2014-01-30,20.01,20.01,20.0,20.0,3300,0.0,0,RVNU
2014-01-31,20.01,20.01,20.01,20.01,1300,0.0,0,RVNU
2014-02-03,20.03,20.03,20.03,20.03,200,0.07,0,RVNU
2014-02-04,20.13,20.14,20.03,20.14,6700,0.0,0,RVNU
2014-02-05,20.15,20.15,20.08,20.08,1900,0.0,0,RVNU
2014-02-06,20.08,20.08,20.08,20.08,0,0.0,0,RVNU
2014-02-07,20.15,20.15,20.04,20.04,1500,0.0,0,RVNU
2014-02-10,20.04,20.04,20.04,20.04,0,0.0,0,RVNU
2014-02-11,20.04,20.04,20.04,20.04,0,0.0,0,RVNU
2014-02-12,20.04,20.04,20.04,20.04,0,0.0,0,RVNU
2014-02-13,20.04,20.04,20.04,20.04,0,0.0,0,RVNU
2014-02-14,20.03,20.03,20.03,20.03,700,0.0,0,RVNU
2014-02-18,20.1,20.18,20.1,20.18,200,0.0,0,RVNU
2014-02-19,20.18,20.18,20.18,20.18,0,0.0,0,RVNU
2014-02-20,20.19,20.2,20.19,20.2,10800,0.0,0,RVNU
2014-02-21,20.2,20.21,20.2,20.2,3100,0.0,0,RVNU
2014-02-24,20.2,20.2,20.2,20.2,200,0.0,0,RVNU
2014-02-25,20.19,20.19,20.19,20.19,1000,0.0,0,RVNU
2014-02-26,20.24,20.3,20.24,20.3,2500,0.0,0,RVNU
2014-02-27,20.38,20.38,20.38,20.38,9600,0.0,0,RVNU
2014-02-28,20.37,20.43,20.37,20.43,1500,0.0,0,RVNU
2014-03-03,20.49,20.49,20.49,20.49,0,0.07,0,RVNU
2014-03-04,20.49,20.49,20.49,20.49,0,0.0,0,RVNU
2014-03-05,20.33,20.34,20.15,20.15,4700,0.0,0,RVNU
2014-03-06,20.26,20.26,20.25,20.25,2100,0.0,0,RVNU
2014-03-07,20.25,20.25,20.25,20.25,0,0.0,0,RVNU
2014-03-10,20.1,20.24,20.09,20.24,8100,0.0,0,RVNU
2014-03-11,20.24,20.24,20.24,20.24,2500,0.0,0,RVNU
2014-03-12,20.24,20.24,20.24,20.24,0,0.0,0,RVNU
2014-03-13,20.35,20.35,20.34,20.35,5000,0.0,0,RVNU
2014-03-14,20.37,20.37,20.37,20.37,1000,0.0,0,RVNU
2014-03-17,20.49,20.49,20.29,20.29,400,0.0,0,RVNU
2014-03-18,20.41,20.41,20.41,20.41,200,0.0,0,RVNU
2014-03-19,20.41,20.41,20.41,20.41,0,0.0,0,RVNU
2014-03-20,20.23,20.29,20.23,20.29,2000,0.0,0,RVNU
2014-03-21,20.32,20.32,20.32,20.32,1000,0.0,0,RVNU
2014-03-24,20.43,20.43,20.34,20.34,1500,0.0,0,RVNU
2014-03-25,20.34,20.34,20.34,20.34,0,0.0,0,RVNU
2014-03-26,20.34,20.34,20.34,20.34,0,0.0,0,RVNU
2014-03-27,20.34,20.34,20.34,20.34,0,0.0,0,RVNU
2014-03-28,20.37,20.37,20.37,20.37,100,0.0,0,RVNU
2014-03-31,20.45,20.51,20.38,20.38,5600,0.0,0,RVNU
2014-04-01,20.44,20.44,20.44,20.44,0,0.07,0,RVNU
2014-04-02,20.46,20.46,20.46,20.46,100,0.0,0,RVNU
2014-04-03,20.46,20.46,20.46,20.46,0,0.0,0,RVNU
2014-04-04,20.51,20.54,20.51,20.53,5000,0.0,0,RVNU
2014-04-07,20.53,20.53,20.53,20.53,0,0.0,0,RVNU
2014-04-08,20.53,20.53,20.53,20.53,0,0.0,0,RVNU
2014-04-09,20.53,20.53,20.48,20.48,600,0.0,0,RVNU
2014-04-10,20.73,20.73,20.57,20.57,45500,0.0,0,RVNU
2014-04-11,20.57,20.57,20.57,20.57,0,0.0,0,RVNU
2014-04-14,20.8,20.81,20.8,20.81,600,0.0,0,RVNU
2014-04-15,20.81,20.81,20.81,20.81,0,0.0,0,RVNU
2014-04-16,20.79,20.79,20.79,20.79,400,0.0,0,RVNU
2014-04-17,20.84,20.84,20.74,20.81,2500,0.0,0,RVNU
2014-04-21,20.85,20.85,20.84,20.84,600,0.0,0,RVNU
2014-04-22,20.84,20.84,20.84,20.84,0,0.0,0,RVNU
2014-04-23,20.88,20.89,20.68,20.85,4800,0.0,0,RVNU
2014-04-24,20.9,20.9,20.87,20.87,400,0.0,0,RVNU
2014-04-25,20.93,20.93,20.93,20.93,100,0.0,0,RVNU
2014-04-28,20.9,20.95,20.9,20.95,800,0.0,0,RVNU
2014-04-29,20.84,20.84,20.84,20.84,1100,0.0,0,RVNU
2014-04-30,20.78,20.93,20.78,20.89,9700,0.0,0,RVNU
2014-05-01,20.91,20.96,20.9,20.95,1800,0.071,0,RVNU
2014-05-02,20.91,20.91,20.91,20.91,1800,0.0,0,RVNU
2014-05-05,20.93,20.93,20.87,20.87,2300,0.0,0,RVNU
2014-05-06,20.94,20.97,20.91,20.93,5200,0.0,0,RVNU
2014-05-07,21.04,21.04,20.99,20.99,2900,0.0,0,RVNU
2014-05-08,20.93,21.05,20.93,20.98,14900,0.0,0,RVNU
2014-05-09,21.18,21.18,20.98,21.05,6200,0.0,0,RVNU
2014-05-12,20.97,21.13,20.97,21.13,2700,0.0,0,RVNU
2014-05-13,21.21,21.21,21.08,21.2,1800,0.0,0,RVNU
2014-05-14,21.33,21.33,21.17,21.31,14500,0.0,0,RVNU
2014-05-15,21.31,21.31,21.31,21.31,0,0.0,0,RVNU
2014-05-16,21.4,21.4,21.36,21.38,700,0.0,0,RVNU
2014-05-19,21.38,21.41,21.38,21.4,1900,0.0,0,RVNU
2014-05-20,21.26,21.34,21.26,21.26,700,0.0,0,RVNU
2014-05-21,21.31,21.31,21.31,21.31,600,0.0,0,RVNU
2014-05-22,21.32,21.32,21.24,21.24,700,0.0,0,RVNU
2014-05-23,21.24,21.24,21.24,21.24,0,0.0,0,RVNU
2014-05-27,21.34,21.34,21.25,21.25,6900,0.0,0,RVNU
2014-05-28,21.41,21.41,21.3,21.3,3000,0.0,0,RVNU
2014-05-29,21.3,21.3,21.3,21.3,0,0.0,0,RVNU
2014-05-30,21.41,21.41,21.25,21.25,6800,0.0,0,RVNU
2014-06-02,21.31,21.31,21.31,21.31,0,0.071,0,RVNU
2014-06-03,21.39,21.39,21.2,21.25,3400,0.0,0,RVNU
2014-06-04,21.28,21.29,21.25,21.25,1000,0.0,0,RVNU
2014-06-05,21.2,21.26,21.2,21.25,4200,0.0,0,RVNU
2014-06-06,21.22,21.22,21.22,21.22,300,0.0,0,RVNU
2014-06-09,21.15,21.15,21.13,21.13,1200,0.0,0,RVNU
2014-06-10,21.17,21.17,21.13,21.16,1000,0.0,0,RVNU
2014-06-11,21.16,21.16,21.16,21.16,400,0.0,0,RVNU
2014-06-12,21.16,21.24,21.16,21.24,2200,0.0,0,RVNU
2014-06-13,21.24,21.24,21.24,21.24,0,0.0,0,RVNU
2014-06-16,21.26,21.27,21.26,21.27,1000,0.0,0,RVNU
2014-06-17,21.18,21.18,21.12,21.12,2300,0.0,0,RVNU
2014-06-18,21.12,21.23,21.12,21.18,5100,0.0,0,RVNU
2014-06-19,21.18,21.19,21.18,21.19,400,0.0,0,RVNU
2014-06-20,21.03,21.22,20.99,21.21,1800,0.0,0,RVNU
2014-06-23,21.18,21.18,21.18,21.18,2800,0.0,0,RVNU
2014-06-24,21.18,21.18,21.18,21.18,0,0.0,0,RVNU
2014-06-25,21.28,21.28,21.28,21.28,100,0.0,0,RVNU
2014-06-26,21.4,21.4,21.31,21.31,500,0.0,0,RVNU
2014-06-27,21.38,21.38,21.38,21.38,200,0.0,0,RVNU
2014-06-30,21.34,21.34,21.34,21.34,400,0.0,0,RVNU
2014-07-01,21.36,21.37,21.36,21.37,1300,0.069,0,RVNU
2014-07-02,21.24,21.24,21.23,21.24,4800,0.0,0,RVNU
2014-07-03,21.24,21.24,21.24,21.24,0,0.0,0,RVNU
2014-07-07,21.23,21.23,21.21,21.23,1400,0.0,0,RVNU
2014-07-08,21.21,21.21,21.21,21.21,200,0.0,0,RVNU
2014-07-09,21.15,21.15,21.15,21.15,400,0.0,0,RVNU
2014-07-10,21.07,21.15,20.98,21.15,2800,0.0,0,RVNU
2014-07-11,21.25,21.25,21.14,21.15,2200,0.0,0,RVNU
2014-07-14,21.15,21.15,21.15,21.15,0,0.0,0,RVNU
2014-07-15,21.22,21.22,21.15,21.15,11800,0.0,0,RVNU
2014-07-16,21.15,21.15,21.15,21.15,0,0.0,0,RVNU
2014-07-17,21.24,21.25,21.22,21.22,8600,0.0,0,RVNU
2014-07-18,21.18,21.18,21.18,21.18,1800,0.0,0,RVNU
2014-07-21,21.47,21.47,21.47,21.47,400,0.0,0,RVNU
2014-07-22,21.47,21.47,21.47,21.47,0,0.0,0,RVNU
2014-07-23,21.47,21.47,21.47,21.47,0,0.0,0,RVNU
2014-07-24,21.47,21.47,21.47,21.47,0,0.0,0,RVNU
2014-07-25,21.37,21.38,21.37,21.38,5000,0.0,0,RVNU
2014-07-28,21.38,21.38,21.38,21.38,0,0.0,0,RVNU
2014-07-29,21.61,21.61,21.56,21.6,3600,0.0,0,RVNU
2014-07-30,21.6,21.6,21.6,21.6,0,0.0,0,RVNU
2014-07-31,21.48,21.48,21.48,21.48,200,0.0,0,RVNU
2014-08-01,21.47,21.55,21.34,21.34,2700,0.069,0,RVNU
2014-08-04,21.33,21.33,21.33,21.33,500,0.0,0,RVNU
2014-08-05,21.43,21.43,21.39,21.39,300,0.0,0,RVNU
2014-08-06,21.48,21.63,21.46,21.52,34300,0.0,0,RVNU
2014-08-07,21.56,21.61,21.56,21.6,7500,0.0,0,RVNU
2014-08-08,21.66,21.66,21.63,21.63,1000,0.0,0,RVNU
2014-08-11,21.67,21.69,21.64,21.69,11300,0.0,0,RVNU
2014-08-12,21.76,21.76,21.68,21.72,12500,0.0,0,RVNU
2014-08-13,21.7,21.74,21.69,21.73,4100,0.0,0,RVNU
2014-08-14,21.73,21.73,21.73,21.73,0,0.0,0,RVNU
2014-08-15,21.94,22.03,21.94,22.03,3200,0.0,0,RVNU
2014-08-18,21.9,21.96,21.81,21.95,8500,0.0,0,RVNU
2014-08-19,22.12,22.12,21.95,21.98,9400,0.0,0,RVNU
2014-08-20,22.08,22.08,21.89,21.89,3800,0.0,0,RVNU
2014-08-21,21.95,21.96,21.86,21.86,6700,0.0,0,RVNU
2014-08-22,21.9,21.9,21.82,21.86,1200,0.0,0,RVNU
2014-08-25,21.86,21.86,21.8,21.84,10800,0.0,0,RVNU
2014-08-26,21.9,21.9,21.8,21.9,800,0.0,0,RVNU
2014-08-27,21.9,22.01,21.9,22.01,3500,0.0,0,RVNU
2014-08-28,21.99,21.99,21.95,21.95,800,0.0,0,RVNU
2014-08-29,22.07,22.07,21.87,21.87,1400,0.0,0,RVNU
2014-09-02,22.13,22.13,21.92,21.97,8800,0.066,0,RVNU
2014-09-03,21.92,21.93,21.84,21.84,3200,0.0,0,RVNU
2014-09-04,21.91,21.92,21.86,21.89,13600,0.0,0,RVNU
2014-09-05,21.87,21.87,21.74,21.86,4900,0.0,0,RVNU
2014-09-08,21.97,21.97,21.92,21.94,9300,0.0,0,RVNU
2014-09-09,21.75,21.75,21.75,21.75,400,0.0,0,RVNU
2014-09-10,21.8,21.84,21.8,21.84,3100,0.0,0,RVNU
2014-09-11,21.79,21.79,21.79,21.79,900,0.0,0,RVNU
2014-09-12,21.79,21.79,21.79,21.79,0,0.0,0,RVNU
2014-09-15,21.75,21.88,21.73,21.88,1500,0.0,0,RVNU
2014-09-16,21.94,21.94,21.81,21.81,10300,0.0,0,RVNU
2014-09-17,21.92,21.92,21.77,21.77,1800,0.0,0,RVNU
2014-09-18,21.98,21.98,21.87,21.95,1900,0.0,0,RVNU
2014-09-19,21.86,21.86,21.78,21.85,2900,0.0,0,RVNU
2014-09-22,22.01,22.01,21.92,22.01,7400,0.0,0,RVNU
2014-09-23,22.06,22.06,21.94,21.94,700,0.0,0,RVNU
2014-09-24,22.02,22.03,21.9,21.96,17300,0.0,0,RVNU
2014-09-25,21.92,21.97,21.92,21.97,700,0.0,0,RVNU
2014-09-26,21.99,21.99,21.99,21.99,1800,0.0,0,RVNU
2014-09-29,22.01,22.08,21.98,21.98,2500,0.0,0,RVNU
2014-09-30,22.0,22.05,22.0,22.04,5200,0.0,0,RVNU
2014-10-01,22.04,22.19,21.99,22.13,11700,0.062,0,RVNU
2014-10-02,22.13,22.17,22.13,22.17,1100,0.0,0,RVNU
2014-10-03,22.1,22.11,22.01,22.11,2900,0.0,0,RVNU
2014-10-06,22.16,22.19,22.01,22.19,7400,0.0,0,RVNU
2014-10-07,22.16,22.19,22.03,22.19,2600,0.0,0,RVNU
2014-10-08,22.23,22.23,22.23,22.23,1800,0.0,0,RVNU
2014-10-09,22.32,22.34,22.14,22.33,12400,0.0,0,RVNU
2014-10-10,22.56,22.56,22.35,22.44,2900,0.0,0,RVNU
2014-10-13,22.54,22.54,22.36,22.51,14100,0.0,0,RVNU
2014-10-14,22.84,22.84,22.4,22.54,12800,0.0,0,RVNU
2014-10-15,22.64,22.9,22.64,22.89,7300,0.0,0,RVNU
2014-10-16,22.88,22.88,22.48,22.49,19900,0.0,0,RVNU
2014-10-17,22.76,22.76,22.4,22.56,10900,0.0,0,RVNU
2014-10-20,22.69,22.72,22.53,22.53,16100,0.0,0,RVNU
2014-10-21,23.74,23.74,22.4,22.44,12400,0.0,0,RVNU
2014-10-22,22.29,22.3,22.23,22.25,5400,0.0,0,RVNU
2014-10-23,22.2,22.32,22.2,22.32,8400,0.0,0,RVNU
2014-10-24,22.4,22.44,22.36,22.44,900,0.0,0,RVNU
2014-10-27,22.47,22.47,22.18,22.35,19700,0.0,0,RVNU
2014-10-28,22.5,22.51,22.23,22.43,7300,0.0,0,RVNU
2014-10-29,22.42,22.43,22.22,22.42,1600,0.0,0,RVNU
2014-10-30,22.57,22.57,22.26,22.38,8000,0.0,0,RVNU
2014-10-31,22.17,22.4,22.17,22.4,2200,0.0,0,RVNU
2014-11-03,22.42,22.42,22.28,22.41,7000,0.063,0,RVNU
2014-11-04,22.46,22.46,22.33,22.33,4000,0.0,0,RVNU
2014-11-05,22.19,22.19,22.19,22.19,1100,0.0,0,RVNU
2014-11-06,22.4,22.4,22.4,22.4,200,0.0,0,RVNU
2014-11-07,22.31,22.31,22.31,22.31,300,0.0,0,RVNU
2014-11-10,22.46,22.46,22.22,22.23,1200,0.0,0,RVNU
2014-11-11,22.27,22.27,22.09,22.09,800,0.0,0,RVNU
2014-11-12,22.24,22.25,22.07,22.25,6500,0.0,0,RVNU
2014-11-13,22.13,22.13,22.13,22.13,300,0.0,0,RVNU
2014-11-14,22.07,22.19,22.07,22.18,2300,0.0,0,RVNU
2014-11-17,22.21,22.21,22.21,22.21,600,0.0,0,RVNU
2014-11-18,22.45,22.45,22.12,22.21,900,0.0,0,RVNU
2014-11-19,22.21,22.21,22.21,22.21,0,0.0,0,RVNU
2014-11-20,22.15,22.23,22.15,22.23,11500,0.0,0,RVNU
2014-11-21,22.28,22.34,22.22,22.34,2200,0.0,0,RVNU
2014-11-24,22.31,22.34,22.13,22.3,3000,0.0,0,RVNU
2014-11-25,22.29,22.29,22.28,22.28,900,0.0,0,RVNU
2014-11-26,22.49,22.49,22.38,22.38,1300,0.0,0,RVNU
2014-11-28,22.31,22.31,22.25,22.25,200,0.0,0,RVNU
2014-12-01,22.4,22.41,22.39,22.39,1500,0.067,0,RVNU
2014-12-02,22.34,22.34,22.22,22.25,7900,0.0,0,RVNU
2014-12-03,22.46,22.46,22.22,22.24,5600,0.0,0,RVNU
2014-12-04,22.45,22.45,22.35,22.38,4600,0.0,0,RVNU
2014-12-05,22.33,22.33,22.33,22.33,2300,0.0,0,RVNU
2014-12-08,22.45,22.5,22.33,22.5,13900,0.0,0,RVNU
2014-12-09,22.43,22.45,22.43,22.43,400,0.0,0,RVNU
2014-12-10,22.6,22.64,22.32,22.64,6600,0.0,0,RVNU
2014-12-11,22.6,22.6,22.6,22.6,200,0.0,0,RVNU
2014-12-12,22.63,22.63,22.52,22.52,4500,0.0,0,RVNU
2014-12-15,22.47,22.58,22.47,22.58,500,0.0,0,RVNU
2014-12-16,22.75,22.75,22.68,22.69,500,0.0,0,RVNU
2014-12-17,22.77,22.77,22.65,22.65,1500,0.0,0,RVNU
2014-12-18,22.7,22.77,22.69,22.77,9000,0.0,0,RVNU
2014-12-19,22.66,22.66,22.35,22.35,800,0.0,0,RVNU
2014-12-22,22.51,22.63,22.44,22.47,2100,0.0,0,RVNU
2014-12-23,22.58,22.67,22.58,22.67,500,0.0,0,RVNU
2014-12-24,22.62,22.62,22.55,22.55,1100,0.0,0,RVNU
2014-12-26,22.57,22.57,22.4,22.4,1700,0.069,0,RVNU
2014-12-29,22.74,22.74,22.34,22.36,2800,0.0,0,RVNU
2014-12-30,22.63,22.63,22.62,22.62,500,0.0,0,RVNU
2014-12-31,22.64,22.64,22.53,22.53,1500,0.0,0,RVNU
2015-01-02,22.77,22.77,22.76,22.76,1400,0.0,0,RVNU
2015-01-05,22.79,22.79,22.71,22.76,4200,0.0,0,RVNU
2015-01-06,22.89,22.97,22.89,22.9,5100,0.0,0,RVNU
2015-01-07,23.07,23.07,22.9,22.98,2200,0.0,0,RVNU
2015-01-08,22.94,22.94,22.7,22.9,2400,0.0,0,RVNU
2015-01-09,23.0,23.0,22.66,22.96,9200,0.0,0,RVNU
2015-01-12,23.02,23.07,22.97,22.99,4700,0.0,0,RVNU
2015-01-13,23.1,23.1,22.99,23.04,6500,0.0,0,RVNU
2015-01-14,23.17,23.21,23.08,23.17,1500,0.0,0,RVNU
2015-01-15,23.3,23.3,22.95,23.1,3100,0.0,0,RVNU
2015-01-16,22.97,23.3,22.97,23.3,17600,0.0,0,RVNU
2015-01-20,23.49,23.49,23.2,23.36,12700,0.0,0,RVNU
2015-01-21,23.36,23.36,23.01,23.06,10600,0.0,0,RVNU
2015-01-22,23.06,23.06,22.89,22.96,3800,0.0,0,RVNU
2015-01-23,22.8,22.8,22.8,22.8,400,0.0,0,RVNU
2015-01-26,22.92,23.04,22.92,23.04,2500,0.0,0,RVNU
2015-01-27,23.03,23.07,23.03,23.06,2000,0.0,0,RVNU
2015-01-28,23.23,23.24,23.23,23.24,1000,0.0,0,RVNU
2015-01-29,23.18,23.23,23.06,23.06,4500,0.0,0,RVNU
2015-01-30,23.22,23.32,23.09,23.23,12400,0.0,0,RVNU
2015-02-02,23.35,23.35,23.18,23.18,4000,0.065,0,RVNU
2015-02-03,23.31,23.31,23.02,23.05,48000,0.0,0,RVNU
2015-02-04,23.07,23.07,22.95,22.98,2700,0.0,0,RVNU
2015-02-05,22.98,23.08,22.86,23.01,13300,0.0,0,RVNU
2015-02-06,23.08,23.08,22.88,22.88,8900,0.0,0,RVNU
2015-02-09,23.07,23.07,22.79,22.87,9900,0.0,0,RVNU
2015-02-10,22.89,22.94,22.8,22.8,8700,0.0,0,RVNU
2015-02-11,22.8,22.8,22.67,22.75,5400,0.0,0,RVNU
2015-02-12,22.79,22.83,22.67,22.67,8900,0.0,0,RVNU
2015-02-13,22.78,22.79,22.69,22.73,2200,0.0,0,RVNU
2015-02-17,22.89,22.91,22.66,22.66,8900,0.0,0,RVNU
2015-02-18,22.74,22.82,22.66,22.82,1500,0.0,0,RVNU
2015-02-19,22.81,22.81,22.66,22.73,8300,0.0,0,RVNU
2015-02-20,22.8,22.85,22.73,22.77,18100,0.0,0,RVNU
2015-02-23,22.91,22.91,22.68,22.76,13800,0.0,0,RVNU
2015-02-24,22.84,22.87,22.69,22.76,4700,0.0,0,RVNU
2015-02-25,22.83,22.86,22.83,22.86,1500,0.0,0,RVNU
2015-02-26,22.88,22.91,22.73,22.73,7500,0.0,0,RVNU
2015-02-27,22.69,22.89,22.69,22.83,3100,0.0,0,RVNU
2015-03-02,23.07,23.07,22.79,22.79,5500,0.06,0,RVNU
2015-03-03,22.78,22.86,22.73,22.76,8100,0.0,0,RVNU
2015-03-04,22.88,22.89,22.7,22.73,11000,0.0,0,RVNU
2015-03-05,22.7,22.87,22.65,22.76,12500,0.0,0,RVNU
2015-03-06,22.73,22.73,22.54,22.65,4000,0.0,0,RVNU
2015-03-09,22.73,22.73,22.42,22.42,6000,0.0,0,RVNU
2015-03-10,22.37,22.68,22.37,22.56,14900,0.0,0,RVNU
2015-03-11,22.67,22.67,22.34,22.37,1100,0.0,0,RVNU
2015-03-12,22.42,22.6,22.42,22.52,1000,0.0,0,RVNU
2015-03-13,22.38,22.59,22.38,22.59,5900,0.0,0,RVNU
2015-03-16,22.71,22.73,22.66,22.73,7900,0.0,0,RVNU
2015-03-17,22.73,22.73,22.72,22.72,1500,0.0,0,RVNU
2015-03-18,22.76,22.84,22.74,22.79,4100,0.0,0,RVNU
2015-03-19,22.93,23.01,22.81,22.98,3100,0.0,0,RVNU
2015-03-20,22.87,23.06,22.83,23.06,10900,0.0,0,RVNU
2015-03-23,23.04,23.04,22.86,22.86,6800,0.0,0,RVNU
2015-03-24,23.12,23.12,22.97,23.0,2100,0.0,0,RVNU
2015-03-25,23.1,23.1,22.95,23.06,5500,0.0,0,RVNU
2015-03-26,23.11,23.11,22.85,23.07,2300,0.0,0,RVNU
2015-03-27,23.1,23.11,22.83,23.08,10000,0.0,0,RVNU
2015-03-30,23.15,23.15,23.0,23.05,1400,0.0,0,RVNU
2015-03-31,23.02,23.05,23.02,23.05,2400,0.0,0,RVNU
2015-04-01,22.99,23.14,22.84,23.14,2400,0.067,0,RVNU
2015-04-02,23.05,23.07,22.87,22.96,13200,0.0,0,RVNU
2015-04-06,22.95,23.07,22.91,22.91,4800,0.0,0,RVNU
2015-04-07,22.96,23.05,22.87,22.99,5000,0.0,0,RVNU
2015-04-08,22.76,22.99,22.76,22.91,7600,0.0,0,RVNU
2015-04-09,22.91,23.1,22.86,22.87,7200,0.0,0,RVNU
2015-04-10,22.76,23.03,22.76,22.91,5300,0.0,0,RVNU
2015-04-13,23.01,23.05,22.88,23.0,8000,0.0,0,RVNU
2015-04-14,22.76,23.0,22.76,22.77,4900,0.0,0,RVNU
2015-04-15,22.94,23.0,22.72,22.77,2400,0.0,0,RVNU
2015-04-16,22.7,23.1,22.7,22.77,1000,0.0,0,RVNU
2015-04-17,22.94,22.94,22.82,22.82,1800,0.0,0,RVNU
2015-04-20,22.91,22.95,22.85,22.85,1700,0.0,0,RVNU
2015-04-21,22.82,22.92,22.82,22.86,1700,0.0,0,RVNU
2015-04-22,22.82,22.84,22.82,22.82,2800,0.0,0,RVNU
2015-04-23,22.86,22.86,22.86,22.86,300,0.0,0,RVNU
2015-04-24,22.91,22.91,22.62,22.84,2800,0.0,0,RVNU
2015-04-27,22.77,22.82,22.77,22.82,1100,0.0,0,RVNU
2015-04-28,22.82,22.82,22.82,22.82,200,0.0,0,RVNU
2015-04-29,22.87,22.87,22.74,22.75,4100,0.0,0,RVNU
2015-04-30,22.52,22.85,22.52,22.7,8300,0.0,0,RVNU
2015-05-01,22.84,22.84,22.53,22.83,4200,0.066,0,RVNU
2015-05-04,22.75,22.75,22.52,22.63,1900,0.0,0,RVNU
2015-05-05,22.63,22.63,22.63,22.63,0,0.0,0,RVNU
2015-05-06,22.35,22.5,22.26,22.46,4900,0.0,0,RVNU
2015-05-07,22.28,22.46,22.24,22.43,5700,0.0,0,RVNU
2015-05-08,22.3,22.42,22.29,22.4,2700,0.0,0,RVNU
2015-05-11,22.45,22.45,22.41,22.45,2700,0.0,0,RVNU
2015-05-12,22.36,22.36,22.26,22.32,700,0.0,0,RVNU
2015-05-13,22.38,22.4,22.31,22.35,5000,0.0,0,RVNU
2015-05-14,22.35,22.35,22.35,22.35,0,0.0,0,RVNU
2015-05-15,22.34,22.37,22.21,22.37,4000,0.0,0,RVNU
2015-05-18,22.31,22.4,22.25,22.3,1800,0.0,0,RVNU
2015-05-19,22.28,22.35,22.08,22.16,13900,0.0,0,RVNU
2015-05-20,22.09,22.25,22.09,22.18,2100,0.0,0,RVNU
2015-05-21,22.19,22.3,22.19,22.3,500,0.0,0,RVNU
2015-05-22,22.17,22.17,22.17,22.17,100,0.0,0,RVNU
2015-05-26,22.19,22.36,22.19,22.36,9800,0.0,0,RVNU
2015-05-27,22.29,22.42,22.28,22.4,4200,0.0,0,RVNU
2015-05-28,22.36,22.38,22.36,22.38,1600,0.0,0,RVNU
2015-05-29,22.38,22.38,22.38,22.38,200,0.0,0,RVNU
2015-06-01,22.43,22.43,22.39,22.43,1500,0.066,0,RVNU
2015-06-02,22.34,22.34,22.28,22.28,300,0.0,0,RVNU
2015-06-03,22.32,22.32,22.21,22.21,300,0.0,0,RVNU
2015-06-04,22.36,22.36,22.15,22.32,2000,0.0,0,RVNU
2015-06-05,22.31,22.32,22.16,22.26,6300,0.0,0,RVNU
2015-06-08,22.25,22.25,22.2,22.2,600,0.0,0,RVNU
2015-06-09,22.14,22.24,22.14,22.14,2100,0.0,0,RVNU
2015-06-10,22.14,22.14,22.14,22.14,0,0.0,0,RVNU
2015-06-11,22.13,22.19,22.13,22.19,1600,0.0,0,RVNU
2015-06-12,22.25,22.26,22.2,22.26,1700,0.0,0,RVNU
2015-06-15,22.29,22.36,22.29,22.31,1700,0.0,0,RVNU
2015-06-16,22.28,22.28,22.22,22.22,400,0.0,0,RVNU
2015-06-17,22.36,22.36,22.27,22.31,3500,0.0,0,RVNU
2015-06-18,22.29,22.36,22.28,22.28,1900,0.0,0,RVNU
2015-06-19,22.29,22.36,22.29,22.36,2100,0.0,0,RVNU
2015-06-22,22.3,22.3,22.24,22.25,9400,0.0,0,RVNU
2015-06-23,22.21,22.36,22.21,22.21,1500,0.0,0,RVNU
2015-06-24,22.36,22.36,22.2,22.24,1800,0.0,0,RVNU
2015-06-25,22.33,22.33,22.2,22.2,2600,0.0,0,RVNU
2015-06-26,22.34,22.34,22.33,22.33,1600,0.0,0,RVNU
2015-06-29,22.22,22.34,22.22,22.33,3100,0.0,0,RVNU
2015-06-30,22.27,22.33,22.27,22.33,600,0.0,0,RVNU
2015-07-01,22.33,22.39,22.24,22.35,5000,0.066,0,RVNU
2015-07-02,22.35,22.35,22.35,22.35,0,0.0,0,RVNU
2015-07-06,22.28,22.28,22.28,22.28,200,0.0,0,RVNU
2015-07-07,22.4,22.4,22.4,22.4,400,0.0,0,RVNU
2015-07-08,22.4,22.5,22.4,22.5,3300,0.0,0,RVNU
2015-07-09,22.51,22.51,22.42,22.51,2400,0.0,0,RVNU
2015-07-10,22.29,22.45,22.29,22.33,3500,0.0,0,RVNU
2015-07-13,22.33,22.39,22.25,22.37,2300,0.0,0,RVNU
2015-07-14,22.33,22.33,22.27,22.27,4700,0.0,0,RVNU
2015-07-15,22.18,22.28,22.18,22.25,6400,0.0,0,RVNU
2015-07-16,22.42,22.42,22.4,22.4,1700,0.0,0,RVNU
2015-07-17,22.26,22.46,22.26,22.46,700,0.0,0,RVNU
2015-07-20,22.48,22.48,22.33,22.48,1300,0.0,0,RVNU
2015-07-21,22.34,22.47,22.32,22.32,2600,0.0,0,RVNU
2015-07-22,22.32,22.32,22.32,22.32,0,0.0,0,RVNU
2015-07-23,22.32,22.32,22.32,22.32,0,0.0,0,RVNU
2015-07-24,22.57,22.57,22.55,22.55,500,0.0,0,RVNU
2015-07-27,22.62,22.62,22.58,22.62,1100,0.0,0,RVNU
2015-07-28,22.75,22.75,22.6,22.62,5000,0.0,0,RVNU
2015-07-29,22.47,22.48,22.43,22.43,5000,0.0,0,RVNU
2015-07-30,22.92,22.92,22.57,22.57,1200,0.0,0,RVNU
2015-07-31,22.57,22.57,22.57,22.57,0,0.0,0,RVNU
2015-08-03,22.67,22.67,22.67,22.67,400,0.068,0,RVNU
2015-08-04,22.53,22.68,22.0,22.52,3700,0.0,0,RVNU
2015-08-05,22.41,22.66,22.41,22.6,3100,0.0,0,RVNU
2015-08-06,22.63,22.63,22.63,22.63,600,0.0,0,RVNU
2015-08-07,22.62,22.62,22.62,22.62,700,0.0,0,RVNU
2015-08-10,22.62,22.62,22.62,22.62,900,0.0,0,RVNU
2015-08-11,22.54,22.54,22.54,22.54,400,0.0,0,RVNU
2015-08-12,22.63,22.63,22.63,22.63,800,0.0,0,RVNU
2015-08-13,22.71,22.74,22.71,22.74,2200,0.0,0,RVNU
2015-08-14,22.73,22.73,22.73,22.73,300,0.0,0,RVNU
2015-08-17,22.62,22.62,22.62,22.62,600,0.0,0,RVNU
2015-08-18,22.83,22.83,22.55,22.72,5000,0.0,0,RVNU
2015-08-19,22.53,22.72,22.53,22.53,4300,0.0,0,RVNU
2015-08-20,22.53,22.72,22.52,22.72,12700,0.0,0,RVNU
2015-08-21,22.77,22.78,22.6,22.69,1900,0.0,0,RVNU
2015-08-24,22.31,22.67,22.31,22.59,18000,0.0,0,RVNU
2015-08-25,22.76,22.76,22.51,22.56,6000,0.0,0,RVNU
2015-08-26,22.88,22.88,22.46,22.69,2500,0.0,0,RVNU
2015-08-27,22.52,22.52,22.36,22.46,8500,0.0,0,RVNU
2015-08-28,22.37,22.37,22.3,22.3,2200,0.0,0,RVNU
2015-08-31,22.31,22.31,22.27,22.27,4900,0.0,0,RVNU
2015-09-01,22.58,22.58,22.34,22.34,9200,0.067,0,RVNU
2015-09-02,22.38,22.38,22.38,22.38,1000,0.0,0,RVNU
2015-09-03,22.83,22.83,22.83,22.83,1400,0.0,0,RVNU
2015-09-04,22.73,22.73,22.39,22.39,3200,0.0,0,RVNU
2015-09-08,22.75,22.75,22.52,22.55,3300,0.0,0,RVNU
2015-09-09,22.22,22.43,22.2,22.43,1400,0.0,0,RVNU
2015-09-10,22.28,22.28,22.28,22.28,1000,0.0,0,RVNU
2015-09-11,22.28,22.32,22.28,22.32,300,0.0,0,RVNU
2015-09-14,22.37,22.37,22.21,22.21,300,0.0,0,RVNU
2015-09-15,22.42,22.42,22.42,22.42,1700,0.0,0,RVNU
2015-09-16,22.56,22.56,22.24,22.49,2100,0.0,0,RVNU
2015-09-17,22.49,22.49,22.49,22.49,1000,0.0,0,RVNU
2015-09-18,22.49,22.49,22.49,22.49,0,0.0,0,RVNU
2015-09-21,22.49,22.49,22.49,22.49,800,0.0,0,RVNU
2015-09-22,22.47,22.59,22.47,22.51,7000,0.0,0,RVNU
2015-09-23,22.51,22.51,22.51,22.51,0,0.0,0,RVNU
2015-09-24,22.51,22.64,22.51,22.64,700,0.0,0,RVNU
2015-09-25,22.64,22.64,22.64,22.64,0,0.0,0,RVNU
2015-09-28,22.64,22.82,22.64,22.82,1700,0.0,0,RVNU
2015-09-29,22.52,22.52,22.52,22.52,300,0.0,0,RVNU
2015-09-30,22.52,22.52,22.52,22.52,0,0.0,0,RVNU
2015-10-01,22.77,22.77,22.65,22.73,1300,0.068,0,RVNU
2015-10-02,23.06,23.06,22.65,22.65,4100,0.0,0,RVNU
2015-10-05,22.56,22.78,22.56,22.76,700,0.0,0,RVNU
2015-10-06,22.84,22.91,22.57,22.9,800,0.0,0,RVNU
2015-10-07,22.52,22.63,22.52,22.63,600,0.0,0,RVNU
2015-10-08,22.63,22.63,22.63,22.63,0,0.0,0,RVNU
2015-10-09,22.48,22.85,22.47,22.5,4500,0.0,0,RVNU
2015-10-12,22.52,22.52,22.52,22.52,200,0.0,0,RVNU
2015-10-13,22.52,22.52,22.52,22.52,0,0.0,0,RVNU
2015-10-14,22.66,22.92,22.66,22.92,500,0.0,0,RVNU
2015-10-15,22.79,22.81,22.79,22.81,800,0.0,0,RVNU
2015-10-16,22.66,22.91,22.66,22.91,1100,0.0,0,RVNU
2015-10-19,22.66,22.94,22.66,22.94,3600,0.0,0,RVNU
2015-10-20,22.85,22.88,22.66,22.88,3500,0.0,0,RVNU
2015-10-21,22.97,22.97,22.9,22.93,2700,0.0,0,RVNU
2015-10-22,22.75,22.75,22.75,22.75,300,0.0,0,RVNU
2015-10-23,22.88,22.88,22.84,22.84,1500,0.0,0,RVNU
2015-10-26,22.75,22.97,22.75,22.97,1100,0.0,0,RVNU
2015-10-27,22.97,22.97,22.66,22.7,1600,0.0,0,RVNU
2015-10-28,22.97,22.98,22.66,22.66,9100,0.0,0,RVNU
2015-10-29,22.7,22.87,22.7,22.87,4600,0.0,0,RVNU
2015-10-30,22.96,22.97,22.65,22.65,3200,0.0,0,RVNU
2015-11-02,22.83,22.83,22.56,22.8,8900,0.067,0,RVNU
2015-11-03,22.8,22.8,22.8,22.8,0,0.0,0,RVNU
2015-11-04,22.88,22.88,22.88,22.88,200,0.0,0,RVNU
2015-11-05,22.93,22.93,22.62,22.91,1200,0.0,0,RVNU
2015-11-06,23.07,23.07,22.71,22.72,5900,0.0,0,RVNU
2015-11-09,22.72,22.72,22.63,22.71,3100,0.0,0,RVNU
2015-11-10,22.71,22.71,22.71,22.71,0,0.0,0,RVNU
2015-11-11,22.53,22.72,22.53,22.72,2400,0.0,0,RVNU
2015-11-12,22.77,22.8,22.73,22.77,1700,0.0,0,RVNU
2015-11-13,22.77,22.77,22.77,22.77,0,0.0,0,RVNU
2015-11-16,22.77,22.77,22.77,22.77,0,0.0,0,RVNU
2015-11-17,22.72,22.72,22.67,22.67,1000,0.0,0,RVNU
2015-11-18,22.9,22.98,22.88,22.88,2300,0.0,0,RVNU
2015-11-19,22.96,23.07,22.96,23.07,2800,0.0,0,RVNU
2015-11-20,23.07,23.07,23.07,23.07,0,0.0,0,RVNU
2015-11-23,22.97,23.07,22.97,23.07,600,0.0,0,RVNU
2015-11-24,23.15,23.16,23.09,23.09,110100,0.0,0,RVNU
2015-11-25,23.21,23.27,23.12,23.12,2300,0.0,0,RVNU
2015-11-27,23.27,23.27,23.13,23.14,2700,0.0,0,RVNU
2015-11-30,23.13,23.29,23.02,23.02,3000,0.0,0,RVNU
2015-12-01,23.1,23.28,23.1,23.28,1000,0.061,0,RVNU
2015-12-02,23.33,23.33,23.32,23.32,2300,0.0,0,RVNU
2015-12-03,23.01,23.04,22.99,22.99,4500,0.0,0,RVNU
2015-12-04,23.12,23.17,23.0,23.17,2300,0.0,0,RVNU
2015-12-07,23.29,23.29,22.97,22.97,3500,0.0,0,RVNU
2015-12-08,23.2,23.2,23.03,23.19,1500,0.0,0,RVNU
2015-12-09,23.28,23.28,23.28,23.28,200,0.0,0,RVNU
2015-12-10,23.28,23.28,23.28,23.28,0,0.0,0,RVNU
2015-12-11,23.21,23.21,23.17,23.17,5400,0.0,0,RVNU
2015-12-14,23.14,23.22,23.14,23.21,900,0.0,0,RVNU
2015-12-15,23.07,23.17,23.07,23.17,400,0.0,0,RVNU
2015-12-16,23.17,23.17,23.17,23.17,0,0.0,0,RVNU
2015-12-17,23.45,23.45,23.45,23.45,400,0.0,0,RVNU
2015-12-18,23.45,23.49,23.37,23.39,26400,0.0,0,RVNU
2015-12-21,23.39,23.39,23.39,23.39,0,0.0,0,RVNU
2015-12-22,23.3,23.3,23.3,23.3,400,0.0,0,RVNU
2015-12-23,23.36,23.36,23.36,23.36,500,0.0,0,RVNU
2015-12-24,23.25,23.47,23.25,23.47,100,0.0,0,RVNU
2015-12-28,23.32,23.32,23.32,23.32,400,0.068,0,RVNU
2015-12-29,23.36,23.37,23.25,23.25,1800,0.0,0,RVNU
2015-12-30,23.37,23.44,23.37,23.44,4200,0.0,0,RVNU
2015-12-31,23.44,23.54,23.44,23.54,3100,0.0,0,RVNU
2016-01-04,23.41,23.54,23.4,23.54,8500,0.0,0,RVNU
2016-01-05,23.85,23.85,23.57,23.63,8100,0.0,0,RVNU
2016-01-06,23.71,23.85,23.7,23.7,7800,0.0,0,RVNU
2016-01-07,23.9,23.9,23.89,23.9,2200,0.0,0,RVNU
2016-01-08,23.97,23.97,23.85,23.9,8500,0.0,0,RVNU
2016-01-11,23.85,23.85,23.69,23.69,800,0.0,0,RVNU
2016-01-12,23.67,23.88,23.67,23.86,3200,0.0,0,RVNU
2016-01-13,23.84,23.84,23.84,23.84,200,0.0,0,RVNU
2016-01-14,23.79,23.84,23.79,23.79,600,0.0,0,RVNU
2016-01-15,23.67,23.86,23.67,23.72,2600,0.0,0,RVNU
2016-01-19,23.72,23.9,23.72,23.9,700,0.0,0,RVNU
2016-01-20,23.72,23.99,23.72,23.81,14500,0.0,0,RVNU
2016-01-21,23.99,23.99,23.94,23.97,3800,0.0,0,RVNU
2016-01-22,23.99,23.99,23.9,23.9,400,0.0,0,RVNU
2016-01-25,23.86,23.86,23.74,23.74,700,0.0,0,RVNU
2016-01-26,23.89,23.89,23.89,23.89,1300,0.0,0,RVNU
2016-01-27,23.89,23.89,23.72,23.72,1300,0.0,0,RVNU
2016-01-28,23.91,23.91,23.88,23.88,800,0.0,0,RVNU
2016-01-29,23.88,23.88,23.78,23.78,400,0.0,0,RVNU
2016-02-01,23.99,23.99,23.85,23.85,1000,0.068,0,RVNU
2016-02-02,24.12,24.12,23.71,24.01,1300,0.0,0,RVNU
2016-02-03,23.77,23.95,23.77,23.87,5900,0.0,0,RVNU
2016-02-04,23.87,24.04,23.87,24.04,1400,0.0,0,RVNU
2016-02-05,23.78,24.03,23.78,24.03,600,0.0,0,RVNU
2016-02-08,23.78,24.05,23.78,24.05,1800,0.0,0,RVNU
2016-02-09,24.16,24.16,23.92,23.92,600,0.0,0,RVNU
2016-02-10,24.09,24.1,24.08,24.08,1600,0.0,0,RVNU
2016-02-11,24.06,24.06,24.06,24.06,300,0.0,0,RVNU
2016-02-12,24.16,24.16,23.95,24.04,1400,0.0,0,RVNU
2016-02-16,24.13,24.13,23.88,24.09,6000,0.0,0,RVNU
2016-02-17,24.15,24.15,23.79,24.04,4800,0.0,0,RVNU
2016-02-18,24.06,24.06,23.8,23.8,3600,0.0,0,RVNU
2016-02-19,24.06,24.06,24.04,24.04,1200,0.0,0,RVNU
2016-02-22,24.03,24.03,23.8,23.8,2300,0.0,0,RVNU
2016-02-23,23.86,23.99,23.84,23.99,8400,0.0,0,RVNU
2016-02-24,24.13,24.13,23.91,23.91,2100,0.0,0,RVNU
2016-02-25,24.0,24.03,23.92,24.02,10800,0.0,0,RVNU
2016-02-26,23.91,23.96,23.85,23.85,2100,0.0,0,RVNU
2016-02-29,23.97,24.01,23.81,23.81,10100,0.0,0,RVNU
2016-03-01,24.13,24.13,23.82,23.91,6100,0.06488,0,RVNU
2016-03-02,23.86,23.89,23.81,23.81,3500,0.0,0,RVNU
2016-03-03,24.03,24.04,23.8,24.04,1100,0.0,0,RVNU
2016-03-04,23.91,24.04,23.84,23.91,2600,0.0,0,RVNU
2016-03-07,23.98,23.98,23.64,23.76,3200,0.0,0,RVNU
2016-03-08,23.86,23.93,23.86,23.87,4700,0.0,0,RVNU
2016-03-09,23.76,23.92,23.76,23.91,3600,0.0,0,RVNU
2016-03-10,23.91,23.93,23.8,23.8,18000,0.0,0,RVNU
2016-03-11,23.72,23.86,23.72,23.86,900,0.0,0,RVNU
2016-03-14,23.77,23.77,23.77,23.77,200,0.0,0,RVNU
2016-03-15,23.92,23.92,23.92,23.92,600,0.0,0,RVNU
2016-03-16,23.82,23.84,23.82,23.84,1000,0.0,0,RVNU
2016-03-17,23.93,24.0,23.93,23.93,5500,0.0,0,RVNU
2016-03-18,23.91,23.93,23.84,23.93,5700,0.0,0,RVNU
2016-03-21,23.85,24.03,23.84,24.01,8800,0.0,0,RVNU
2016-03-22,24.02,24.02,24.02,24.02,2600,0.0,0,RVNU
2016-03-23,24.01,24.01,24.01,24.01,200,0.0,0,RVNU
2016-03-24,24.2,24.2,24.12,24.12,1400,0.0,0,RVNU
2016-03-28,24.06,24.12,23.95,24.12,58800,0.0,0,RVNU
2016-03-29,24.16,24.16,23.84,23.85,4000,0.0,0,RVNU
2016-03-30,24.14,24.16,24.08,24.09,5600,0.0,0,RVNU
2016-03-31,24.16,24.2,24.09,24.2,5900,0.0,0,RVNU
2016-04-01,24.24,24.26,24.21,24.22,6300,0.06504,0,RVNU
2016-04-04,24.29,24.41,24.22,24.41,6200,0.0,0,RVNU
2016-04-05,24.42,24.46,24.29,24.32,4300,0.0,0,RVNU
2016-04-06,24.47,24.49,24.32,24.49,4000,0.0,0,RVNU
2016-04-07,24.33,24.68,24.33,24.59,7400,0.0,0,RVNU
2016-04-08,24.53,24.53,24.45,24.45,3800,0.0,0,RVNU
2016-04-11,24.67,24.67,24.5,24.57,6500,0.0,0,RVNU
2016-04-12,24.65,24.66,24.39,24.5,15100,0.0,0,RVNU
2016-04-13,24.32,24.61,24.32,24.53,3400,0.0,0,RVNU
2016-04-14,24.48,24.58,24.47,24.54,2200,0.0,0,RVNU
2016-04-15,24.65,24.65,24.5,24.5,3500,0.0,0,RVNU
2016-04-18,24.64,24.64,24.33,24.5,10900,0.0,0,RVNU
2016-04-19,24.41,24.64,24.35,24.5,5100,0.0,0,RVNU
2016-04-20,24.48,24.62,24.44,24.44,16100,0.0,0,RVNU
2016-04-21,24.44,24.5,24.43,24.44,24600,0.0,0,RVNU
2016-04-22,24.57,24.57,24.39,24.39,3400,0.0,0,RVNU
2016-04-25,24.55,24.55,24.33,24.37,5600,0.0,0,RVNU
2016-04-26,24.39,24.4,24.33,24.37,29900,0.0,0,RVNU
2016-04-27,24.35,24.35,24.33,24.35,4600,0.0,0,RVNU
2016-04-28,24.35,24.51,24.32,24.51,8500,0.0,0,RVNU
2016-04-29,24.58,24.58,24.45,24.45,700,0.0,0,RVNU
2016-05-02,24.54,24.57,24.32,24.57,2000,0.063,0,RVNU
2016-05-03,24.53,24.53,24.53,24.53,400,0.0,0,RVNU
2016-05-04,24.6,24.63,24.5,24.63,2000,0.0,0,RVNU
2016-05-05,24.63,24.64,24.55,24.62,3900,0.0,0,RVNU
2016-05-06,24.73,24.73,24.62,24.72,4800,0.0,0,RVNU
2016-05-09,24.84,24.84,24.51,24.63,16000,0.0,0,RVNU
2016-05-10,24.68,24.8,24.62,24.62,3500,0.0,0,RVNU
2016-05-11,24.72,24.86,24.72,24.86,2600,0.0,0,RVNU
2016-05-12,24.85,24.85,24.62,24.62,85700,0.0,0,RVNU
2016-05-13,24.81,24.91,24.66,24.67,3100,0.0,0,RVNU
2016-05-16,24.77,24.77,24.7,24.7,1800,0.0,0,RVNU
2016-05-17,24.93,24.93,24.69,24.69,3700,0.0,0,RVNU
2016-05-18,24.75,24.76,24.61,24.64,16400,0.0,0,RVNU
2016-05-19,24.57,24.77,24.52,24.76,5300,0.0,0,RVNU
2016-05-20,24.73,24.79,24.57,24.79,4200,0.0,0,RVNU
2016-05-23,24.6,24.72,24.6,24.64,6200,0.0,0,RVNU
2016-05-24,24.85,24.85,24.79,24.79,2000,0.0,0,RVNU
2016-05-25,24.73,24.73,24.6,24.68,3400,0.0,0,RVNU
2016-05-26,24.75,24.76,24.59,24.63,9500,0.0,0,RVNU
2016-05-27,24.76,24.8,24.59,24.71,10900,0.0,0,RVNU
2016-05-31,24.8,24.8,24.7,24.7,4100,0.0,0,RVNU
2016-06-01,24.83,24.83,24.67,24.72,3300,0.06,0,RVNU
2016-06-02,24.82,24.82,24.69,24.81,34300,0.0,0,RVNU
2016-06-03,24.63,24.83,24.63,24.83,8500,0.0,0,RVNU
2016-06-06,24.82,24.88,24.69,24.82,6100,0.0,0,RVNU
2016-06-07,24.95,24.95,24.76,24.78,3300,0.0,0,RVNU
2016-06-08,24.7,24.93,24.7,24.87,3800,0.0,0,RVNU
2016-06-09,24.9,24.91,24.8,24.8,13400,0.0,0,RVNU
2016-06-10,25.26,25.26,24.84,24.97,7000,0.0,0,RVNU
2016-06-13,25.19,25.19,24.91,25.07,370000,0.0,0,RVNU
2016-06-14,24.99,25.17,24.99,25.06,10100,0.0,0,RVNU
2016-06-15,25.17,25.22,25.17,25.21,600,0.0,0,RVNU
2016-06-16,25.04,25.33,24.96,25.08,130400,0.0,0,RVNU
2016-06-17,25.19,25.19,25.09,25.14,4100,0.0,0,RVNU
2016-06-20,25.31,25.33,25.22,25.22,1200,0.0,0,RVNU
2016-06-21,25.22,25.22,24.95,24.95,6200,0.0,0,RVNU
2016-06-22,25.05,25.08,25.05,25.08,4200,0.0,0,RVNU
2016-06-23,25.24,25.24,25.01,25.1,11700,0.0,0,RVNU
2016-06-24,25.29,25.35,25.16,25.26,3000,0.0,0,RVNU
2016-06-27,25.4,25.53,25.39,25.43,4600,0.0,0,RVNU
2016-06-28,25.47,25.48,25.18,25.18,17200,0.0,0,RVNU
2016-06-29,25.41,25.64,25.32,25.39,22100,0.0,0,RVNU
2016-06-30,25.5,25.5,25.24,25.36,18000,0.0,0,RVNU
2016-07-01,25.41,25.53,25.36,25.36,19400,0.057,0,RVNU
2016-07-05,25.45,25.49,25.37,25.41,14100,0.0,0,RVNU
2016-07-06,25.52,25.6,25.3,25.47,12400,0.0,0,RVNU
2016-07-07,25.57,25.59,25.44,25.55,11500,0.0,0,RVNU
2016-07-08,25.45,25.53,25.43,25.47,4900,0.0,0,RVNU
2016-07-11,25.56,25.56,25.45,25.47,12900,0.0,0,RVNU
2016-07-12,25.47,25.54,25.42,25.45,10700,0.0,0,RVNU
2016-07-13,25.38,25.5,25.21,25.4,19800,0.0,0,RVNU
2016-07-14,25.24,25.37,25.24,25.31,5400,0.0,0,RVNU
2016-07-15,25.41,25.42,25.21,25.21,5000,0.0,0,RVNU
2016-07-18,25.27,25.29,25.1,25.2,2900,0.0,0,RVNU
2016-07-19,25.2,25.34,25.18,25.2,2300,0.0,0,RVNU
2016-07-20,25.32,25.33,25.21,25.26,12900,0.0,0,RVNU
2016-07-21,25.17,25.26,25.11,25.11,7800,0.0,0,RVNU
2016-07-22,25.24,25.24,25.1,25.14,5800,0.0,0,RVNU
2016-07-25,25.1,25.18,25.1,25.17,7000,0.0,0,RVNU
2016-07-26,25.18,25.18,25.13,25.17,2400,0.0,0,RVNU
2016-07-27,25.14,25.24,25.07,25.22,3100,0.0,0,RVNU
2016-07-28,25.23,25.28,25.11,25.23,8300,0.0,0,RVNU
2016-07-29,25.07,25.48,25.07,25.32,5500,0.0,0,RVNU
2016-08-01,25.11,25.26,25.06,25.12,2100,0.056,0,RVNU
2016-08-02,25.02,25.23,25.02,25.06,19100,0.0,0,RVNU
2016-08-03,25.33,25.33,25.12,25.19,4000,0.0,0,RVNU
2016-08-04,25.21,25.47,25.11,25.23,8400,0.0,0,RVNU
2016-08-05,25.47,25.49,25.06,25.12,62200,0.0,0,RVNU
2016-08-08,25.1,25.21,25.1,25.2,3300,0.0,0,RVNU
2016-08-09,25.22,25.33,25.21,25.33,3500,0.0,0,RVNU
2016-08-10,25.25,25.3,25.11,25.22,12500,0.0,0,RVNU
2016-08-11,25.33,25.33,25.22,25.22,7100,0.0,0,RVNU
2016-08-12,25.22,25.26,25.22,25.26,2600,0.0,0,RVNU
2016-08-15,25.23,25.33,25.15,25.2,254000,0.0,0,RVNU
2016-08-16,25.21,25.33,25.2,25.2,7300,0.0,0,RVNU
2016-08-17,25.29,25.34,25.19,25.34,2600,0.0,0,RVNU
2016-08-18,25.6,25.6,25.22,25.37,4400,0.0,0,RVNU
2016-08-19,25.33,25.33,25.24,25.24,3500,0.0,0,RVNU
2016-08-22,25.28,25.41,25.26,25.41,3300,0.0,0,RVNU
2016-08-23,25.41,25.41,25.26,25.3,6300,0.0,0,RVNU
2016-08-24,25.42,25.42,25.24,25.24,4600,0.0,0,RVNU
2016-08-25,25.4,25.41,25.29,25.35,2100,0.0,0,RVNU
2016-08-26,25.4,25.4,25.24,25.28,2500,0.0,0,RVNU
2016-08-29,25.28,25.4,25.28,25.36,5300,0.0,0,RVNU
2016-08-30,25.31,25.39,25.31,25.39,2500,0.0,0,RVNU
2016-08-31,25.4,25.41,25.26,25.26,5800,0.0,0,RVNU
2016-09-01,25.31,25.41,25.25,25.41,8000,0.056,0,RVNU
2016-09-02,25.4,25.4,25.29,25.3,8600,0.0,0,RVNU
2016-09-06,25.25,25.42,25.25,25.36,17600,0.0,0,RVNU
2016-09-07,25.4,25.4,25.28,25.4,36200,0.0,0,RVNU
2016-09-08,25.34,25.42,25.28,25.3,44200,0.0,0,RVNU
2016-09-09,25.29,25.29,25.2,25.24,5300,0.0,0,RVNU
2016-09-12,25.16,25.26,25.16,25.25,7800,0.0,0,RVNU
2016-09-13,25.24,25.28,25.12,25.12,4800,0.0,0,RVNU
2016-09-14,25.21,25.23,25.12,25.15,88700,0.0,0,RVNU
2016-09-15,25.11,25.18,25.11,25.16,19200,0.0,0,RVNU
2016-09-16,25.18,25.18,25.08,25.08,14800,0.0,0,RVNU
2016-09-19,25.18,25.18,25.07,25.11,11500,0.0,0,RVNU
2016-09-20,25.12,25.17,25.07,25.09,13900,0.0,0,RVNU
2016-09-21,25.07,25.15,24.98,25.03,8000,0.0,0,RVNU
2016-09-22,25.1,25.18,25.02,25.03,249600,0.0,0,RVNU
2016-09-23,25.01,25.22,24.92,24.98,29800,0.0,0,RVNU
2016-09-26,25.12,25.14,25.01,25.12,19000,0.0,0,RVNU
2016-09-27,25.27,25.27,24.99,25.01,25000,0.0,0,RVNU
2016-09-28,25.18,25.18,25.08,25.09,19200,0.0,0,RVNU
2016-09-29,25.11,25.14,25.11,25.13,1400,0.0,0,RVNU
2016-09-30,25.07,25.2,25.07,25.1,6000,0.0,0,RVNU
2016-10-03,25.14,25.19,25.12,25.16,27800,0.055,0,RVNU
2016-10-04,25.19,25.19,25.03,25.04,11400,0.0,0,RVNU
2016-10-05,25.07,25.07,24.95,24.98,89500,0.0,0,RVNU
2016-10-06,25.0,25.0,24.83,24.9,14500,0.0,0,RVNU
2016-10-07,24.92,24.96,24.86,24.9,12900,0.0,0,RVNU
2016-10-10,24.89,24.89,24.74,24.82,19400,0.0,0,RVNU
2016-10-11,24.89,24.9,24.84,24.84,8200,0.0,0,RVNU
2016-10-12,24.82,24.82,24.7,24.79,18500,0.0,0,RVNU
2016-10-13,24.84,24.86,24.66,24.71,538800,0.0,0,RVNU
2016-10-14,24.73,24.81,24.67,24.77,11200,0.0,0,RVNU
2016-10-17,24.84,24.84,24.68,24.73,50600,0.0,0,RVNU
2016-10-18,24.78,24.78,24.71,24.75,8300,0.0,0,RVNU
2016-10-19,24.75,24.75,24.71,24.73,14400,0.0,0,RVNU
2016-10-20,24.83,24.83,24.72,24.72,21800,0.0,0,RVNU
2016-10-21,24.71,24.77,24.68,24.68,1700,0.0,0,RVNU
2016-10-24,24.8,24.8,24.68,24.69,17600,0.0,0,RVNU
2016-10-25,24.79,24.85,24.72,24.79,7000,0.0,0,RVNU
2016-10-26,24.76,24.8,24.69,24.74,11200,0.0,0,RVNU
2016-10-27,24.71,24.72,24.67,24.71,5700,0.0,0,RVNU
2016-10-28,24.66,24.71,24.58,24.58,9900,0.0,0,RVNU
2016-10-31,24.76,24.76,24.63,24.76,6000,0.0,0,RVNU
2016-11-01,24.86,24.86,24.67,24.71,4400,0.052,0,RVNU
2016-11-02,24.83,24.83,24.62,24.64,119100,0.0,0,RVNU
2016-11-03,24.76,24.76,24.63,24.63,2800,0.0,0,RVNU
2016-11-04,24.84,24.85,24.72,24.79,3800,0.0,0,RVNU
2016-11-07,24.78,24.78,24.68,24.7,3400,0.0,0,RVNU
2016-11-08,24.85,24.85,24.56,24.56,1800,0.0,0,RVNU
2016-11-09,24.62,24.62,24.38,24.38,7500,0.0,0,RVNU
2016-11-10,24.44,24.44,24.21,24.21,51800,0.0,0,RVNU
2016-11-11,24.18,24.3,24.08,24.27,25500,0.0,0,RVNU
2016-11-14,24.11,24.11,23.81,23.94,30200,0.0,0,RVNU
2016-11-15,23.81,23.95,23.58,23.72,36300,0.0,0,RVNU
2016-11-16,23.68,23.9,23.55,23.61,50200,0.0,0,RVNU
2016-11-17,23.74,23.77,23.5,23.57,30200,0.0,0,RVNU
2016-11-18,23.56,23.77,23.52,23.59,34400,0.0,0,RVNU
2016-11-21,23.74,23.74,23.36,23.52,36600,0.0,0,RVNU
2016-11-22,23.48,23.69,23.3,23.32,14400,0.0,0,RVNU
2016-11-23,23.59,23.59,23.27,23.52,41500,0.0,0,RVNU
2016-11-25,23.59,23.61,23.29,23.41,14400,0.0,0,RVNU
2016-11-28,23.37,23.56,23.24,23.25,38100,0.0,0,RVNU
2016-11-29,23.22,23.45,23.11,23.11,20100,0.0,0,RVNU
2016-11-30,23.09,23.33,22.97,22.97,52900,0.0,0,RVNU
2016-12-01,23.18,23.18,22.82,23.02,18200,0.053,0,RVNU
2016-12-02,23.1,23.27,23.1,23.12,12400,0.0,0,RVNU
2016-12-05,23.02,23.32,22.9,23.19,17500,0.0,0,RVNU
2016-12-06,23.24,23.25,22.99,23.03,12700,0.0,0,RVNU
2016-12-07,23.28,23.69,23.21,23.55,54600,0.0,0,RVNU
2016-12-08,23.63,23.7,23.53,23.63,5300,0.0,0,RVNU
2016-12-09,23.67,23.67,23.45,23.45,58700,0.0,0,RVNU
2016-12-12,23.57,23.57,23.47,23.48,6600,0.0,0,RVNU
2016-12-13,23.49,23.62,23.41,23.46,5400,0.0,0,RVNU
2016-12-14,23.4,23.63,23.17,23.17,90800,0.0,0,RVNU
2016-12-15,23.11,23.34,23.03,23.2,43600,0.0,0,RVNU
2016-12-16,23.12,23.33,23.05,23.06,32400,0.0,0,RVNU
2016-12-19,23.26,23.46,23.26,23.39,7000,0.0,0,RVNU
2016-12-20,23.62,23.62,23.32,23.34,43000,0.0,0,RVNU
2016-12-21,23.57,23.59,23.39,23.48,71300,0.0,0,RVNU
2016-12-22,23.54,23.66,23.41,23.45,66300,0.0,0,RVNU
2016-12-23,23.52,23.65,23.41,23.45,94700,0.0,0,RVNU
2016-12-27,23.5,23.98,23.47,23.5,111700,0.051,0,RVNU
2016-12-28,23.38,23.7,23.23,23.5,124400,0.0,0,RVNU
2016-12-29,23.47,23.71,23.43,23.61,73400,0.0,0,RVNU
2016-12-30,23.61,23.77,23.5,23.65,65700,0.0,0,RVNU
2017-01-03,23.84,23.88,23.57,23.73,37000,0.0,0,RVNU
2017-01-04,23.65,23.85,23.6,23.66,35300,0.0,0,RVNU
2017-01-05,23.71,23.86,23.61,23.7,81000,0.0,0,RVNU
2017-01-06,23.66,23.75,23.66,23.68,5800,0.0,0,RVNU
2017-01-09,23.88,23.88,23.69,23.82,94300,0.0,0,RVNU
2017-01-10,23.87,23.95,23.79,23.83,18000,0.0,0,RVNU
2017-01-11,23.97,24.05,23.79,24.05,70200,0.0,0,RVNU
2017-01-12,24.05,24.16,23.99,24.06,70000,0.0,0,RVNU
2017-01-13,23.89,24.1,23.89,24.08,46600,0.0,0,RVNU
2017-01-17,23.94,24.17,23.84,24.13,87300,0.0,0,RVNU
2017-01-18,24.0,24.1,23.99,24.04,8700,0.0,0,RVNU
2017-01-19,23.89,23.96,23.86,23.88,40200,0.0,0,RVNU
2017-01-20,23.86,23.87,23.78,23.8,73700,0.0,0,RVNU
2017-01-23,23.89,23.89,23.73,23.84,15400,0.0,0,RVNU
2017-01-24,23.7,23.83,23.7,23.74,19000,0.0,0,RVNU
2017-01-25,23.85,23.86,23.71,23.73,51300,0.0,0,RVNU
2017-01-26,23.83,23.83,23.66,23.73,68900,0.0,0,RVNU
2017-01-27,23.81,23.83,23.75,23.78,54000,0.0,0,RVNU
2017-01-30,23.76,23.88,23.72,23.82,61100,0.0,0,RVNU
2017-01-31,23.81,23.89,23.8,23.83,46600,0.0,0,RVNU
2017-02-01,23.81,23.84,23.81,23.84,600,0.055,0,RVNU
2017-02-02,23.89,23.92,23.81,23.85,20800,0.0,0,RVNU
2017-02-03,23.89,23.91,23.78,23.8,26300,0.0,0,RVNU
2017-02-06,23.84,23.93,23.78,23.79,60800,0.0,0,RVNU
2017-02-07,23.78,23.99,23.78,23.81,23400,0.0,0,RVNU
2017-02-08,23.93,24.03,23.87,23.9,8800,0.0,0,RVNU
2017-02-09,24.11,24.11,23.89,23.91,5100,0.0,0,RVNU
2017-02-10,23.88,23.89,23.8,23.87,4600,0.0,0,RVNU
2017-02-13,23.86,23.9,23.8,23.8,8700,0.0,0,RVNU
2017-02-14,23.8,23.9,23.78,23.78,9400,0.0,0,RVNU
2017-02-15,23.77,23.87,23.66,23.66,6900,0.0,0,RVNU
2017-02-16,23.79,23.8,23.67,23.68,7200,0.0,0,RVNU
2017-02-17,23.89,23.89,23.73,23.77,6100,0.0,0,RVNU
2017-02-21,23.75,23.93,23.75,23.8,6700,0.0,0,RVNU
2017-02-22,23.86,23.93,23.78,23.87,4900,0.0,0,RVNU
2017-02-23,23.79,23.91,23.79,23.89,7000,0.0,0,RVNU
2017-02-24,23.94,24.0,23.86,23.89,6300,0.0,0,RVNU
2017-02-27,23.89,24.01,23.89,23.91,26900,0.0,0,RVNU
2017-02-28,23.87,24.01,23.87,24.0,2700,0.0,0,RVNU
2017-03-01,24.02,24.02,23.83,23.83,15400,0.055,0,RVNU
2017-03-02,23.89,23.92,23.81,23.87,10400,0.0,0,RVNU
2017-03-03,23.89,23.89,23.75,23.83,5000,0.0,0,RVNU
2017-03-06,23.84,23.84,23.71,23.72,17800,0.0,0,RVNU
2017-03-07,23.71,23.75,23.71,23.75,3100,0.0,0,RVNU
2017-03-08,23.75,23.75,23.69,23.71,2700,0.0,0,RVNU
2017-03-09,23.67,23.67,23.58,23.64,6700,0.0,0,RVNU
2017-03-10,23.68,23.68,23.53,23.63,7000,0.0,0,RVNU
2017-03-13,23.74,23.74,23.57,23.69,4300,0.0,0,RVNU
2017-03-14,23.61,23.67,23.54,23.54,800,0.0,0,RVNU
2017-03-15,23.56,23.73,23.56,23.73,11900,0.0,0,RVNU
2017-03-16,23.79,23.79,23.6,23.62,4700,0.0,0,RVNU
2017-03-17,23.64,23.83,23.64,23.74,36100,0.0,0,RVNU
2017-03-20,23.84,23.85,23.73,23.84,3000,0.0,0,RVNU
2017-03-21,23.85,23.89,23.76,23.77,1700,0.0,0,RVNU
2017-03-22,23.82,23.96,23.75,23.96,16500,0.0,0,RVNU
2017-03-23,23.95,23.95,23.85,23.86,1900,0.0,0,RVNU
2017-03-24,24.01,24.01,23.85,23.86,1300,0.0,0,RVNU
2017-03-27,23.97,24.01,23.91,23.91,3300,0.0,0,RVNU
2017-03-28,24.06,24.06,23.95,23.95,2200,0.0,0,RVNU
2017-03-29,24.03,24.14,24.03,24.14,700,0.0,0,RVNU
2017-03-30,24.12,24.12,23.94,23.94,3900,0.0,0,RVNU
2017-03-31,23.98,24.07,23.98,23.99,5400,0.0,0,RVNU
2017-04-03,24.03,24.03,23.99,24.01,12100,0.055,0,RVNU
2017-04-04,24.07,24.13,24.01,24.07,10800,0.0,0,RVNU
2017-04-05,24.01,24.13,24.01,24.02,9600,0.0,0,RVNU
2017-04-06,24.1,24.13,24.05,24.05,4300,0.0,0,RVNU
2017-04-07,24.11,24.21,24.11,24.11,3400,0.0,0,RVNU
2017-04-10,24.14,24.21,24.13,24.13,5500,0.0,0,RVNU
2017-04-11,24.13,24.21,24.13,24.2,4200,0.0,0,RVNU
2017-04-12,24.27,24.29,24.21,24.26,3600,0.0,0,RVNU
2017-04-13,24.32,24.32,24.23,24.24,3300,0.0,0,RVNU
2017-04-17,24.31,24.32,24.26,24.27,3700,0.0,0,RVNU
2017-04-18,24.23,24.37,24.23,24.37,7300,0.0,0,RVNU
2017-04-19,24.41,24.41,24.28,24.41,2300,0.0,0,RVNU
2017-04-20,24.32,24.37,24.31,24.31,6300,0.0,0,RVNU
2017-04-21,24.32,24.36,24.3,24.32,3800,0.0,0,RVNU
2017-04-24,24.26,24.26,24.24,24.24,3800,0.0,0,RVNU
2017-04-25,24.25,24.25,24.13,24.13,6700,0.0,0,RVNU
2017-04-26,24.18,24.26,24.09,24.1,7600,0.0,0,RVNU
2017-04-27,24.22,24.27,24.16,24.26,3200,0.0,0,RVNU
2017-04-28,24.18,24.26,24.18,24.23,5400,0.0,0,RVNU
2017-05-01,24.08,24.25,24.07,24.07,4500,0.056,0,RVNU
2017-05-02,24.17,24.17,24.09,24.15,19300,0.0,0,RVNU
2017-05-03,24.1,24.26,24.1,24.26,300,0.0,0,RVNU
2017-05-04,24.13,24.22,24.13,24.19,1400,0.0,0,RVNU
2017-05-05,24.17,24.25,24.15,24.17,5700,0.0,0,RVNU
2017-05-08,24.21,24.22,24.15,24.21,4500,0.0,0,RVNU
2017-05-09,24.15,24.18,24.15,24.18,3100,0.0,0,RVNU
2017-05-10,24.2,24.22,24.2,24.22,1000,0.0,0,RVNU
2017-05-11,24.18,24.23,24.17,24.23,600,0.0,0,RVNU
2017-05-12,24.23,24.33,24.2,24.29,2800,0.0,0,RVNU
2017-05-15,24.28,24.34,24.22,24.32,6100,0.0,0,RVNU
2017-05-16,24.25,24.3,24.25,24.29,4000,0.0,0,RVNU
2017-05-17,24.41,24.45,24.33,24.42,7900,0.0,0,RVNU
2017-05-18,24.43,24.54,24.39,24.46,7200,0.0,0,RVNU
2017-05-19,24.48,24.53,24.41,24.44,3700,0.0,0,RVNU
2017-05-22,24.45,24.55,24.4,24.45,1700,0.0,0,RVNU
2017-05-23,24.55,24.59,24.5,24.5,3100,0.0,0,RVNU
2017-05-24,24.62,24.62,24.58,24.59,2500,0.0,0,RVNU
2017-05-25,24.63,24.63,24.53,24.55,2200,0.0,0,RVNU
2017-05-26,24.63,24.64,24.52,24.52,5900,0.0,0,RVNU
2017-05-30,24.52,24.52,24.52,24.52,0,0.0,0,RVNU
2017-05-31,24.72,24.72,24.72,24.72,200,0.0,0,RVNU
2017-06-01,24.58,24.74,24.58,24.74,1600,0.055,0,RVNU
2017-06-02,24.78,24.8,24.67,24.8,4900,0.0,0,RVNU
2017-06-05,24.72,24.85,24.72,24.76,2100,0.0,0,RVNU
2017-06-06,24.88,24.88,24.8,24.88,1100,0.0,0,RVNU
2017-06-07,24.92,24.92,24.76,24.82,5600,0.0,0,RVNU
2017-06-08,24.79,24.89,24.77,24.89,6200,0.0,0,RVNU
2017-06-09,24.87,24.87,24.76,24.78,4500,0.0,0,RVNU
2017-06-12,24.85,24.85,24.76,24.78,2500,0.0,0,RVNU
2017-06-13,24.76,24.78,24.72,24.77,4700,0.0,0,RVNU
2017-06-14,24.7,24.84,24.68,24.79,2000,0.0,0,RVNU
2017-06-15,24.78,24.86,24.78,24.86,600,0.0,0,RVNU
2017-06-16,24.74,24.86,24.74,24.85,10000,0.0,0,RVNU
2017-06-19,24.77,24.86,24.72,24.86,1700,0.0,0,RVNU
2017-06-20,24.78,24.88,24.78,24.82,3200,0.0,0,RVNU
2017-06-21,24.86,24.88,24.86,24.88,10000,0.0,0,RVNU
2017-06-22,24.76,24.89,24.76,24.8,2300,0.0,0,RVNU
2017-06-23,24.85,24.9,24.81,24.88,10300,0.0,0,RVNU
2017-06-26,24.82,24.91,24.82,24.87,600,0.0,0,RVNU
2017-06-27,24.91,24.92,24.84,24.89,3700,0.0,0,RVNU
2017-06-28,24.84,24.87,24.8,24.82,5400,0.0,0,RVNU
2017-06-29,24.75,24.77,24.7,24.74,6300,0.0,0,RVNU
2017-06-30,24.73,24.74,24.67,24.68,3100,0.0,0,RVNU
2017-07-03,24.89,24.89,24.71,24.74,2600,0.057,0,RVNU
2017-07-05,24.67,24.74,24.67,24.7,1100,0.0,0,RVNU
2017-07-06,24.69,24.69,24.61,24.64,5900,0.0,0,RVNU
2017-07-07,24.6,24.7,24.58,24.7,8600,0.0,0,RVNU
2017-07-10,24.64,24.66,24.6,24.6,2200,0.0,0,RVNU
2017-07-11,24.57,24.68,24.55,24.64,6800,0.0,0,RVNU
2017-07-12,24.68,24.69,24.62,24.63,9900,0.0,0,RVNU
2017-07-13,24.74,24.75,24.6,24.75,3500,0.0,0,RVNU
2017-07-14,24.7,24.75,24.67,24.73,2900,0.0,0,RVNU
2017-07-17,24.77,24.8,24.69,24.72,9300,0.0,0,RVNU
2017-07-18,24.85,24.87,24.79,24.86,3700,0.0,0,RVNU
2017-07-19,24.82,24.89,24.79,24.79,3200,0.0,0,RVNU
2017-07-20,24.77,24.9,24.77,24.87,7900,0.0,0,RVNU
2017-07-21,24.78,24.96,24.78,24.96,7500,0.0,0,RVNU
2017-07-24,24.92,24.98,24.89,24.9,1900,0.0,0,RVNU
2017-07-25,24.98,24.98,24.81,24.88,3500,0.0,0,RVNU
2017-07-26,24.87,24.91,24.85,24.91,1500,0.0,0,RVNU
2017-07-27,24.9,24.95,24.89,24.92,2600,0.0,0,RVNU
2017-07-28,24.87,24.92,24.82,24.85,2300,0.0,0,RVNU
2017-07-31,24.9,24.91,24.78,24.88,2500,0.0,0,RVNU
2017-08-01,24.91,24.92,24.86,24.9,4500,0.057,0,RVNU
2017-08-02,24.9,24.91,24.82,24.88,8100,0.0,0,RVNU
2017-08-03,25.05,25.05,24.88,24.92,7900,0.0,0,RVNU
2017-08-04,25.03,25.03,24.93,24.97,1300,0.0,0,RVNU
2017-08-07,24.95,25.03,24.84,24.99,19700,0.0,0,RVNU
2017-08-08,24.99,25.01,24.98,24.99,4300,0.0,0,RVNU
2017-08-09,24.91,25.02,24.91,25.02,2300,0.0,0,RVNU
2017-08-10,24.97,25.04,24.84,25.0,8400,0.0,0,RVNU
2017-08-11,24.96,25.05,24.95,25.01,3900,0.0,0,RVNU
2017-08-14,25.04,25.06,24.97,25.02,7500,0.0,0,RVNU
2017-08-15,24.94,25.02,24.93,24.97,2300,0.0,0,RVNU
2017-08-16,24.9,24.98,24.9,24.97,3100,0.0,0,RVNU
2017-08-17,24.93,25.0,24.93,25.0,2100,0.0,0,RVNU
2017-08-18,24.91,25.01,24.91,24.98,1000,0.0,0,RVNU
2017-08-21,24.98,25.0,24.98,25.0,700,0.0,0,RVNU
2017-08-22,25.0,25.0,25.0,25.0,0,0.0,0,RVNU
2017-08-23,24.98,25.07,24.98,25.04,6000,0.0,0,RVNU
2017-08-24,25.11,25.11,25.11,25.11,200,0.0,0,RVNU
2017-08-25,25.05,25.1,25.05,25.09,3000,0.0,0,RVNU
2017-08-28,25.03,25.03,25.03,25.03,500,0.0,0,RVNU
2017-08-29,25.15,25.23,25.04,25.04,6100,0.0,0,RVNU
2017-08-30,25.04,25.13,24.99,25.11,34600,0.0,0,RVNU
2017-08-31,25.14,25.16,25.06,25.09,7000,0.0,0,RVNU
2017-09-01,25.03,25.2,25.03,25.09,6600,0.057,0,RVNU
2017-09-05,25.1,25.27,25.1,25.27,1900,0.0,0,RVNU
2017-09-06,25.22,25.22,25.14,25.14,2400,0.0,0,RVNU
2017-09-07,25.29,25.31,25.14,25.2,32400,0.0,0,RVNU
2017-09-08,25.08,25.16,25.08,25.14,2900,0.0,0,RVNU
2017-09-11,25.26,25.3,25.2,25.2,2700,0.0,0,RVNU
2017-09-12,25.28,25.28,25.2,25.21,4500,0.0,0,RVNU
2017-09-13,25.2,25.2,25.06,25.07,6700,0.0,0,RVNU
2017-09-14,25.02,25.26,25.02,25.16,3100,0.0,0,RVNU
2017-09-15,25.1,25.11,25.07,25.07,3200,0.0,0,RVNU
2017-09-18,24.98,25.21,24.98,25.13,3800,0.0,0,RVNU
2017-09-19,25.07,25.1,25.07,25.1,2000,0.0,0,RVNU
2017-09-20,25.08,25.09,25.06,25.06,1300,0.0,0,RVNU
2017-09-21,25.02,25.12,25.0,25.12,1500,0.0,0,RVNU
2017-09-22,25.17,25.17,24.98,25.05,2600,0.0,0,RVNU
2017-09-25,25.04,25.21,25.04,25.08,9100,0.0,0,RVNU
2017-09-26,25.03,25.14,25.03,25.14,5000,0.0,0,RVNU
2017-09-27,25.21,25.21,25.11,25.14,3900,0.0,0,RVNU
2017-09-28,24.94,25.1,24.91,24.93,15100,0.0,0,RVNU
2017-09-29,24.99,25.09,24.95,25.03,8400,0.0,0,RVNU
2017-10-02,25.13,25.13,24.93,24.99,10300,0.056,0,RVNU
2017-10-03,25.06,25.11,25.01,25.11,3300,0.0,0,RVNU
2017-10-04,24.98,25.12,24.98,25.09,6200,0.0,0,RVNU
2017-10-05,25.08,25.11,24.94,25.11,3500,0.0,0,RVNU
2017-10-06,24.98,25.08,24.98,25.08,3800,0.0,0,RVNU
2017-10-09,25.01,25.19,24.99,25.06,21500,0.0,0,RVNU
2017-10-10,24.96,25.12,24.96,25.11,2500,0.0,0,RVNU
2017-10-11,25.16,25.2,25.16,25.16,8500,0.0,0,RVNU
2017-10-12,25.23,25.23,25.16,25.23,23000,0.0,0,RVNU
2017-10-13,25.29,25.29,25.2,25.28,8900,0.0,0,RVNU
2017-10-16,25.35,25.43,25.18,25.3,13600,0.0,0,RVNU
2017-10-17,25.37,25.37,25.26,25.33,11700,0.0,0,RVNU
2017-10-18,25.4,25.4,25.17,25.26,24500,0.0,0,RVNU
2017-10-19,25.33,25.36,25.28,25.28,7300,0.0,0,RVNU
2017-10-20,25.29,25.34,25.2,25.3,5500,0.0,0,RVNU
2017-10-23,25.3,25.3,25.21,25.3,12100,0.0,0,RVNU
2017-10-24,25.3,25.3,25.3,25.3,0,0.0,0,RVNU
2017-10-25,25.22,25.22,25.16,25.19,4700,0.0,0,RVNU
2017-10-26,25.2,25.2,25.09,25.16,2800,0.0,0,RVNU
2017-10-27,25.13,25.14,25.1,25.13,1200,0.0,0,RVNU
2017-10-30,25.13,25.47,25.11,25.14,11500,0.0,0,RVNU
2017-10-31,25.14,25.16,25.11,25.15,2700,0.0,0,RVNU
2017-11-01,25.16,25.17,25.1,25.1,7200,0.057,0,RVNU
2017-11-02,25.11,25.2,25.08,25.19,8200,0.0,0,RVNU
2017-11-03,25.26,25.26,25.18,25.2,1600,0.0,0,RVNU
2017-11-06,25.3,25.3,25.19,25.25,16500,0.0,0,RVNU
2017-11-07,25.3,25.37,25.26,25.3,3900,0.0,0,RVNU
2017-11-08,25.33,25.4,25.3,25.4,4100,0.0,0,RVNU
2017-11-09,25.44,25.44,25.41,25.41,2100,0.0,0,RVNU
2017-11-10,25.39,25.39,25.3,25.3,2800,0.0,0,RVNU
2017-11-13,25.35,25.37,25.33,25.37,2700,0.0,0,RVNU
2017-11-14,25.31,25.37,25.31,25.33,4800,0.0,0,RVNU
2017-11-15,25.3,25.4,25.3,25.31,3500,0.0,0,RVNU
2017-11-16,25.31,25.41,25.24,25.27,14900,0.0,0,RVNU
2017-11-17,25.52,25.52,25.23,25.25,7600,0.0,0,RVNU
2017-11-20,25.39,25.39,25.23,25.26,7300,0.0,0,RVNU
2017-11-21,25.24,25.3,25.18,25.22,24500,0.0,0,RVNU
2017-11-22,25.25,25.25,25.16,25.17,2900,0.0,0,RVNU
2017-11-24,25.19,25.29,25.19,25.29,2000,0.0,0,RVNU
2017-11-27,25.11,25.19,25.11,25.16,1700,0.0,0,RVNU
2017-11-28,25.2,25.2,25.11,25.19,1400,0.0,0,RVNU
2017-11-29,25.21,25.21,24.96,25.11,11100,0.0,0,RVNU
2017-11-30,25.04,25.07,25.0,25.07,16300,0.0,0,RVNU
2017-12-01,25.22,25.24,25.11,25.18,13100,0.057,0,RVNU
2017-12-04,25.46,25.46,25.2,25.22,1100,0.0,0,RVNU
2017-12-05,25.54,25.54,25.24,25.4,4200,0.0,0,RVNU
2017-12-06,25.49,25.58,25.46,25.58,9000,0.0,0,RVNU
2017-12-07,25.61,25.61,25.58,25.58,3700,0.0,0,RVNU
2017-12-08,25.56,25.57,25.45,25.53,14300,0.0,0,RVNU
2017-12-11,25.42,25.44,25.3,25.3,4100,0.0,0,RVNU
2017-12-12,25.4,25.4,25.35,25.37,4000,0.0,0,RVNU
2017-12-13,25.3,25.45,25.3,25.4,8100,0.0,0,RVNU
2017-12-14,25.44,25.47,25.38,25.47,10000,0.0,0,RVNU
2017-12-15,25.44,25.44,25.44,25.44,600,0.0,0,RVNU
2017-12-18,25.5,25.5,25.48,25.48,1200,0.0,0,RVNU
2017-12-19,25.41,25.46,25.4,25.4,4200,0.0,0,RVNU
2017-12-20,25.39,25.43,25.23,25.23,6000,0.0,0,RVNU
2017-12-21,25.31,25.35,25.31,25.34,4700,0.0,0,RVNU
2017-12-22,25.34,25.38,25.25,25.31,4900,0.059,0,RVNU
2017-12-26,25.25,25.53,25.25,25.29,3900,0.0,0,RVNU
2017-12-27,25.31,25.51,25.31,25.5,9600,0.0,0,RVNU
2017-12-28,25.45,25.46,25.41,25.45,5900,0.0,0,RVNU
2017-12-29,25.4,25.6,25.36,25.6,5800,0.0,0,RVNU
2018-01-02,25.46,25.6,25.37,25.49,4000,0.0,0,RVNU
2018-01-03,25.46,25.53,25.45,25.53,14800,0.0,0,RVNU
2018-01-04,25.47,25.53,25.46,25.48,4500,0.0,0,RVNU
2018-01-05,25.46,25.49,25.46,25.49,1300,0.0,0,RVNU
2018-01-08,25.57,25.57,25.46,25.5,5500,0.0,0,RVNU
2018-01-09,25.48,25.49,25.43,25.43,3300,0.0,0,RVNU
2018-01-10,25.29,25.45,25.25,25.4,20400,0.0,0,RVNU
2018-01-11,25.4,25.4,25.36,25.36,4300,0.0,0,RVNU
2018-01-12,25.36,25.38,25.35,25.38,4900,0.0,0,RVNU
2018-01-16,25.43,25.43,25.35,25.38,4800,0.0,0,RVNU
2018-01-17,25.44,25.46,25.4,25.4,9200,0.0,0,RVNU
2018-01-18,25.4,25.45,25.36,25.42,5400,0.0,0,RVNU
2018-01-19,25.44,25.45,25.37,25.37,13600,0.0,0,RVNU
2018-01-22,25.41,25.42,25.39,25.41,2700,0.0,0,RVNU
2018-01-23,25.45,25.45,25.37,25.4,6600,0.0,0,RVNU
2018-01-24,25.37,25.39,25.36,25.36,13600,0.0,0,RVNU
2018-01-25,25.36,25.36,25.33,25.34,6000,0.0,0,RVNU
2018-01-26,25.36,25.36,25.31,25.31,18400,0.0,0,RVNU
2018-01-29,25.31,25.31,25.21,25.21,4500,0.0,0,RVNU
2018-01-30,25.13,25.2,25.08,25.16,7400,0.0,0,RVNU
2018-01-31,25.18,25.22,25.12,25.19,113500,0.0,0,RVNU
2018-02-01,25.18,25.19,25.05,25.16,14000,0.059,0,RVNU
2018-02-02,25.08,25.08,24.91,24.94,9700,0.0,0,RVNU
2018-02-05,24.94,24.96,24.9,24.93,20800,0.0,0,RVNU
2018-02-06,24.94,25.07,24.91,25.07,16400,0.0,0,RVNU
2018-02-07,25.03,25.03,24.84,24.84,166400,0.0,0,RVNU
2018-02-08,24.95,24.96,24.73,24.76,113800,0.0,0,RVNU
2018-02-09,24.72,24.96,24.72,24.96,3300,0.0,0,RVNU
2018-02-12,24.83,24.96,24.83,24.9,5300,0.0,0,RVNU
2018-02-13,24.96,24.96,24.89,24.92,7200,0.0,0,RVNU
2018-02-14,24.9,24.93,24.84,24.85,4000,0.0,0,RVNU
2018-02-15,24.77,24.88,24.77,24.78,22300,0.0,0,RVNU
2018-02-16,24.77,24.88,24.77,24.88,7600,0.0,0,RVNU
2018-02-20,24.84,24.88,24.74,24.76,23100,0.0,0,RVNU
2018-02-21,24.84,24.84,24.69,24.69,11300,0.0,0,RVNU
2018-02-22,24.74,24.88,24.68,24.87,11900,0.0,0,RVNU
2018-02-23,24.74,24.8,24.74,24.78,2200,0.0,0,RVNU
2018-02-26,24.79,24.87,24.75,24.75,26400,0.0,0,RVNU
2018-02-27,24.88,24.88,24.77,24.77,6200,0.0,0,RVNU
2018-02-28,24.88,24.88,24.8,24.84,2700,0.0,0,RVNU
2018-03-01,24.83,24.94,24.82,24.87,8100,0.059,0,RVNU
2018-03-02,24.86,24.93,24.86,24.93,400,0.0,0,RVNU
2018-03-05,24.92,24.92,24.86,24.86,2900,0.0,0,RVNU
2018-03-06,24.87,24.89,24.84,24.85,7600,0.0,0,RVNU
2018-03-07,24.83,24.88,24.71,24.87,21600,0.0,0,RVNU
2018-03-08,24.9,24.9,24.86,24.89,5000,0.0,0,RVNU
2018-03-09,24.85,24.85,24.66,24.77,20900,0.0,0,RVNU
2018-03-12,24.81,24.81,24.73,24.73,2100,0.0,0,RVNU
2018-03-13,24.66,24.83,24.66,24.83,2500,0.0,0,RVNU
2018-03-14,24.83,24.86,24.73,24.73,4700,0.0,0,RVNU
2018-03-15,24.76,24.76,24.73,24.73,1700,0.0,0,RVNU
2018-03-16,24.71,24.78,24.71,24.76,6000,0.0,0,RVNU
2018-03-19,24.78,24.8,24.78,24.8,3800,0.0,0,RVNU
2018-03-20,24.77,24.81,24.71,24.77,4200,0.0,0,RVNU
2018-03-21,24.82,24.82,24.67,24.73,77300,0.0,0,RVNU
2018-03-22,24.71,24.85,24.71,24.85,2900,0.0,0,RVNU
2018-03-23,24.84,24.85,24.83,24.84,5000,0.0,0,RVNU
2018-03-26,24.81,24.84,24.81,24.83,6000,0.0,0,RVNU
2018-03-27,24.81,24.83,24.73,24.77,20000,0.0,0,RVNU
2018-03-28,24.85,25.0,24.85,25.0,31200,0.0,0,RVNU
2018-03-29,24.87,24.99,24.87,24.98,10400,0.0,0,RVNU
2018-04-02,24.91,24.98,24.87,24.95,2700,0.061,0,RVNU
2018-04-03,25.01,25.02,24.95,24.95,3900,0.0,0,RVNU
2018-04-04,24.94,25.01,24.85,24.92,3600,0.0,0,RVNU
2018-04-05,24.89,24.95,24.82,24.91,5200,0.0,0,RVNU
2018-04-06,24.9,25.07,24.82,24.96,3200,0.0,0,RVNU
2018-04-09,24.84,24.84,24.74,24.77,9300,0.0,0,RVNU
2018-04-10,24.86,24.86,24.83,24.83,6400,0.0,0,RVNU
2018-04-11,24.91,25.03,24.87,24.93,31300,0.0,0,RVNU
2018-04-12,24.84,25.0,24.84,24.89,5200,0.0,0,RVNU
2018-04-13,24.97,24.99,24.97,24.99,1100,0.0,0,RVNU
2018-04-16,25.01,25.05,24.9,25.01,10500,0.0,0,RVNU
2018-04-17,24.98,25.01,24.98,24.99,1500,0.0,0,RVNU
2018-04-18,24.96,24.98,24.89,24.93,19900,0.0,0,RVNU
2018-04-19,24.87,24.98,24.87,24.94,3400,0.0,0,RVNU
2018-04-20,24.87,24.97,24.86,24.86,3000,0.0,0,RVNU
2018-04-23,24.96,24.96,24.86,24.91,4300,0.0,0,RVNU
2018-04-24,24.86,24.93,24.85,24.88,1800,0.0,0,RVNU
2018-04-25,24.83,24.89,24.75,24.79,12900,0.0,0,RVNU
2018-04-26,24.73,24.82,24.7,24.7,9300,0.0,0,RVNU
2018-04-27,24.77,24.84,24.75,24.83,8000,0.0,0,RVNU
2018-04-30,24.84,24.85,24.73,24.74,6800,0.0,0,RVNU
2018-05-01,24.79,24.86,24.72,24.75,7400,0.06,0,RVNU
2018-05-02,24.91,24.91,24.8,24.86,2600,0.0,0,RVNU
2018-05-03,24.92,24.99,24.84,24.99,9500,0.0,0,RVNU
2018-05-04,25.0,25.04,24.85,24.91,7100,0.0,0,RVNU
2018-05-07,24.88,24.99,24.86,24.86,2200,0.0,0,RVNU
2018-05-08,24.85,25.04,24.85,24.89,6700,0.0,0,RVNU
2018-05-09,24.85,25.04,24.85,25.02,7100,0.0,0,RVNU
2018-05-10,24.93,24.99,24.93,24.94,1600,0.0,0,RVNU
2018-05-11,24.98,24.98,24.9,24.97,6300,0.0,0,RVNU
2018-05-14,24.97,25.04,24.91,25.01,8400,0.0,0,RVNU
2018-05-15,24.93,25.02,24.87,24.99,2400,0.0,0,RVNU
2018-05-16,25.0,25.01,24.92,25.0,5100,0.0,0,RVNU
2018-05-17,24.96,24.96,24.87,24.95,3600,0.0,0,RVNU
2018-05-18,24.83,24.99,24.83,24.89,5600,0.0,0,RVNU
2018-05-21,24.95,24.95,24.84,24.84,5300,0.0,0,RVNU
2018-05-22,24.87,24.89,24.85,24.85,3400,0.0,0,RVNU
2018-05-23,24.91,25.0,24.91,25.0,5900,0.0,0,RVNU
2018-05-24,25.03,25.04,24.97,25.04,5800,0.0,0,RVNU
2018-05-25,24.96,25.03,24.96,25.03,1900,0.0,0,RVNU
2018-05-29,25.11,25.17,25.06,25.17,2000,0.0,0,RVNU
2018-05-30,25.15,25.18,25.08,25.17,80900,0.0,0,RVNU
2018-05-31,25.08,25.18,25.08,25.08,7600,0.0,0,RVNU
2018-06-01,25.06,25.06,25.03,25.05,1100,0.06,0,RVNU
2018-06-04,25.05,25.24,25.05,25.24,3700,0.0,0,RVNU
2018-06-05,25.27,25.27,25.03,25.22,10700,0.0,0,RVNU
2018-06-06,25.12,25.17,25.12,25.17,500,0.0,0,RVNU
2018-06-07,24.98,25.06,24.98,25.06,2000,0.0,0,RVNU
2018-06-08,24.95,25.13,24.95,25.1,2000,0.0,0,RVNU
2018-06-11,25.18,25.18,25.09,25.12,3800,0.0,0,RVNU
2018-06-12,25.18,25.18,25.13,25.13,2900,0.0,0,RVNU
2018-06-13,25.11,25.12,25.07,25.1,2500,0.0,0,RVNU
2018-06-14,25.21,25.21,25.12,25.17,4000,0.0,0,RVNU
2018-06-15,25.15,25.18,25.07,25.1,7900,0.0,0,RVNU
2018-06-18,25.44,25.44,25.07,25.07,4000,0.0,0,RVNU
2018-06-19,25.14,25.14,25.12,25.13,1300,0.0,0,RVNU
2018-06-20,25.11,25.11,25.11,25.11,300,0.0,0,RVNU
2018-06-21,25.08,25.1,25.08,25.1,2900,0.0,0,RVNU
2018-06-22,25.13,25.13,25.13,25.13,1200,0.0,0,RVNU
2018-06-25,25.25,25.26,25.12,25.26,2800,0.0,0,RVNU
2018-06-26,25.18,25.21,25.18,25.18,1300,0.0,0,RVNU
2018-06-27,25.13,25.34,25.13,25.18,5000,0.0,0,RVNU
2018-06-28,25.26,25.26,25.13,25.13,1200,0.0,0,RVNU
2018-06-29,25.32,25.32,25.28,25.28,1400,0.0,0,RVNU
2018-07-02,25.33,25.33,25.13,25.13,4400,0.0,0,RVNU
2018-07-03,25.13,25.13,25.13,25.13,300,0.061,0,RVNU
2018-07-05,25.2,25.23,25.12,25.23,2600,0.0,0,RVNU
2018-07-06,25.16,25.17,25.16,25.17,600,0.0,0,RVNU
2018-07-09,25.27,25.27,25.19,25.23,3400,0.0,0,RVNU
2018-07-10,25.25,25.27,25.18,25.27,1400,0.0,0,RVNU
2018-07-11,25.2,25.27,25.16,25.27,4600,0.0,0,RVNU
2018-07-12,25.27,25.43,25.23,25.23,4600,0.0,0,RVNU
2018-07-13,25.23,25.23,25.23,25.23,500,0.0,0,RVNU
2018-07-16,25.32,25.46,25.25,25.29,7900,0.0,0,RVNU
2018-07-17,25.47,25.47,25.25,25.32,6700,0.0,0,RVNU
2018-07-18,25.19,25.4,25.19,25.27,13400,0.0,0,RVNU
2018-07-19,25.25,25.25,25.25,25.25,600,0.0,0,RVNU
2018-07-20,25.27,25.3,25.27,25.3,2500,0.0,0,RVNU
2018-07-23,25.53,25.53,25.27,25.3,4300,0.0,0,RVNU
2018-07-24,25.27,25.34,25.13,25.2,12700,0.0,0,RVNU
2018-07-25,25.16,25.18,25.16,25.17,1500,0.0,0,RVNU
2018-07-26,25.24,25.24,25.19,25.19,4200,0.0,0,RVNU
2018-07-27,25.17,25.27,25.17,25.26,1900,0.0,0,RVNU
2018-07-30,25.39,25.39,25.25,25.25,3800,0.0,0,RVNU
2018-07-31,25.41,25.41,25.41,25.41,900,0.0,0,RVNU
2018-08-01,25.27,25.27,25.25,25.25,600,0.06,0,RVNU
2018-08-02,25.19,25.26,25.15,25.24,5300,0.0,0,RVNU
2018-08-03,25.18,25.23,25.14,25.15,5700,0.0,0,RVNU
2018-08-06,25.35,25.35,25.11,25.21,5900,0.0,0,RVNU
2018-08-07,25.31,25.32,25.11,25.24,7400,0.0,0,RVNU
2018-08-08,25.21,25.44,25.16,25.2,6400,0.0,0,RVNU
2018-08-09,25.28,25.4,25.21,25.24,5900,0.0,0,RVNU
2018-08-10,25.42,25.42,25.23,25.25,2800,0.0,0,RVNU
2018-08-13,25.24,25.26,25.12,25.24,8500,0.0,0,RVNU
2018-08-14,25.24,25.28,25.17,25.17,7200,0.0,0,RVNU
2018-08-15,25.29,25.3,25.29,25.3,2800,0.0,0,RVNU
2018-08-16,25.26,25.27,25.25,25.25,2300,0.0,0,RVNU
2018-08-17,25.14,25.35,25.14,25.35,5700,0.0,0,RVNU
2018-08-20,25.16,25.27,25.16,25.25,7100,0.0,0,RVNU
2018-08-21,25.2,25.39,25.15,25.15,4600,0.0,0,RVNU
2018-08-22,25.18,25.18,25.18,25.18,600,0.0,0,RVNU
2018-08-23,25.2,25.32,25.2,25.32,7000,0.0,0,RVNU
2018-08-24,25.39,25.39,25.31,25.38,10300,0.0,0,RVNU
2018-08-27,25.46,25.46,25.26,25.3,3600,0.0,0,RVNU
2018-08-28,25.33,25.34,25.3,25.33,2900,0.0,0,RVNU
2018-08-29,25.38,25.38,25.16,25.31,4700,0.0,0,RVNU
2018-08-30,25.33,25.37,25.31,25.31,3300,0.0,0,RVNU
2018-08-31,25.3,25.33,25.28,25.31,4700,0.0,0,RVNU
2018-09-04,25.17,25.43,25.17,25.43,33200,0.06,0,RVNU
2018-09-05,25.23,25.29,25.19,25.26,2300,0.0,0,RVNU
2018-09-06,25.34,25.34,25.26,25.32,2100,0.0,0,RVNU
2018-09-07,25.34,25.34,25.23,25.26,6700,0.0,0,RVNU
2018-09-10,25.12,25.22,25.12,25.18,2200,0.0,0,RVNU
2018-09-11,25.18,25.24,25.18,25.19,4300,0.0,0,RVNU
2018-09-12,25.22,25.24,25.17,25.2,5700,0.0,0,RVNU
2018-09-13,25.17,25.19,25.16,25.16,1600,0.0,0,RVNU
2018-09-14,25.16,25.21,25.11,25.11,2900,0.0,0,RVNU
2018-09-17,25.16,25.16,25.12,25.13,1500,0.0,0,RVNU
2018-09-18,25.26,25.26,25.13,25.14,9700,0.0,0,RVNU
2018-09-19,25.13,25.13,25.09,25.09,1600,0.0,0,RVNU
2018-09-20,25.09,25.14,25.09,25.14,12600,0.0,0,RVNU
2018-09-21,25.15,25.15,25.09,25.1,1500,0.0,0,RVNU
2018-09-24,25.15,25.15,25.09,25.09,1800,0.0,0,RVNU
2018-09-25,25.09,25.1,25.01,25.04,3900,0.0,0,RVNU
2018-09-26,24.96,25.03,24.96,25.0,14000,0.0,0,RVNU
2018-09-27,25.02,25.03,25.01,25.02,3400,0.0,0,RVNU
2018-09-28,25.1,25.15,25.1,25.11,6900,0.0,0,RVNU
2018-10-01,25.11,25.12,24.94,24.96,33000,0.0,0,RVNU
2018-10-02,25.08,25.11,24.94,24.94,4600,0.06,0,RVNU
2018-10-03,25.08,25.09,25.0,25.02,8500,0.0,0,RVNU
2018-10-04,25.02,25.04,24.93,25.04,7700,0.0,0,RVNU
2018-10-05,24.93,25.09,24.93,24.98,5100,0.0,0,RVNU
2018-10-08,24.93,25.05,24.93,24.98,8500,0.0,0,RVNU
2018-10-09,24.83,25.06,24.83,24.89,9000,0.0,0,RVNU
2018-10-10,24.86,24.87,24.8,24.8,16300,0.0,0,RVNU
2018-10-11,24.85,24.88,24.8,24.83,2600,0.0,0,RVNU
2018-10-12,24.9,24.9,24.79,24.79,3200,0.0,0,RVNU
2018-10-15,25.1,25.1,24.79,24.8,6900,0.0,0,RVNU
2018-10-16,25.09,25.09,24.81,24.81,3000,0.0,0,RVNU
2018-10-17,24.77,24.91,24.76,24.84,10600,0.0,0,RVNU
2018-10-18,24.86,24.92,24.76,24.92,23700,0.0,0,RVNU
2018-10-19,24.78,24.82,24.78,24.82,2000,0.0,0,RVNU
2018-10-22,24.75,24.98,24.69,24.76,8000,0.0,0,RVNU
2018-10-23,25.03,25.03,24.84,24.91,7700,0.0,0,RVNU
2018-10-24,24.82,24.82,24.77,24.77,2600,0.0,0,RVNU
2018-10-25,24.85,24.88,24.85,24.85,1800,0.0,0,RVNU
2018-10-26,24.93,24.96,24.88,24.9,1000,0.0,0,RVNU
2018-10-29,24.89,24.92,24.85,24.9,2300,0.0,0,RVNU
2018-10-30,24.88,24.89,24.82,24.86,1700,0.0,0,RVNU
2018-10-31,24.8,24.87,24.8,24.8,2700,0.0,0,RVNU
2018-11-01,24.86,24.86,24.75,24.79,11700,0.06,0,RVNU
2018-11-02,24.78,24.78,24.69,24.69,2500,0.0,0,RVNU
2018-11-05,24.69,24.76,24.66,24.67,9000,0.0,0,RVNU
2018-11-06,24.64,24.73,24.64,24.7,5800,0.0,0,RVNU
2018-11-07,24.76,24.8,24.76,24.76,2000,0.0,0,RVNU
2018-11-08,24.91,24.91,24.77,24.82,4100,0.0,0,RVNU
2018-11-09,24.64,24.84,24.64,24.79,2700,0.0,0,RVNU
2018-11-12,24.76,24.92,24.76,24.92,3200,0.0,0,RVNU
2018-11-13,24.87,24.94,24.87,24.91,3600,0.0,0,RVNU
2018-11-14,24.96,24.98,24.88,24.92,4000,0.0,0,RVNU
2018-11-15,24.93,24.93,24.87,24.91,1100,0.0,0,RVNU
2018-11-16,24.9,24.93,24.89,24.9,2800,0.0,0,RVNU
2018-11-19,24.89,24.93,24.85,24.93,2000,0.0,0,RVNU
2018-11-20,24.79,25.02,24.79,25.02,2600,0.0,0,RVNU
2018-11-21,25.0,25.0,24.9,25.0,1000,0.0,0,RVNU
2018-11-23,25.05,25.05,24.92,25.02,7100,0.0,0,RVNU
2018-11-26,24.99,25.01,24.96,25.01,2800,0.0,0,RVNU
2018-11-27,25.02,25.02,24.95,24.99,5300,0.0,0,RVNU
2018-11-28,25.01,25.02,25.0,25.02,2900,0.0,0,RVNU
2018-11-29,25.03,25.1,25.03,25.1,5600,0.0,0,RVNU
2018-11-30,25.11,25.11,25.11,25.11,1000,0.0,0,RVNU
2018-12-03,25.13,25.13,25.1,25.1,7200,0.061,0,RVNU
2018-12-04,25.22,25.29,25.21,25.26,2700,0.0,0,RVNU
2018-12-06,25.33,25.33,25.25,25.25,1700,0.0,0,RVNU
2018-12-07,25.29,25.33,25.23,25.33,10900,0.0,0,RVNU
2018-12-10,25.32,25.34,25.3,25.34,6900,0.0,0,RVNU
2018-12-11,25.28,25.28,25.26,25.27,1600,0.0,0,RVNU
2018-12-12,25.21,25.27,25.21,25.24,3900,0.0,0,RVNU
2018-12-13,25.33,25.33,25.16,25.21,20900,0.0,0,RVNU
2018-12-14,25.22,25.24,25.22,25.24,1000,0.0,0,RVNU
2018-12-17,25.14,25.23,25.14,25.2,3100,0.0,0,RVNU
2018-12-18,25.18,25.3,25.18,25.23,12900,0.0,0,RVNU
2018-12-19,25.28,25.29,25.28,25.29,600,0.0,0,RVNU
2018-12-20,25.39,25.43,25.29,25.36,15600,0.0,0,RVNU
2018-12-21,25.31,25.34,25.31,25.33,10000,0.065,0,RVNU
2018-12-24,25.06,25.44,25.06,25.44,5200,0.0,0,RVNU
2018-12-26,25.31,25.41,25.31,25.33,3700,0.0,0,RVNU
2018-12-27,25.28,25.41,25.28,25.35,5200,0.0,0,RVNU
2018-12-28,25.45,25.49,25.43,25.43,3900,0.0,0,RVNU
2018-12-31,25.43,25.47,25.42,25.46,8800,0.0,0,RVNU
2019-01-02,25.42,25.49,25.42,25.43,4100,0.0,0,RVNU
2019-01-03,25.5,25.61,25.5,25.6,5200,0.0,0,RVNU
2019-01-04,25.49,25.5,25.44,25.5,8600,0.0,0,RVNU
2019-01-07,25.76,25.76,25.54,25.54,15100,0.0,0,RVNU
2019-01-08,25.43,25.45,25.37,25.43,10400,0.0,0,RVNU
2019-01-09,25.53,25.53,25.27,25.31,10000,0.0,0,RVNU
2019-01-10,25.41,25.41,25.34,25.36,4500,0.0,0,RVNU
2019-01-11,25.45,25.45,25.39,25.42,6000,0.0,0,RVNU
2019-01-14,25.46,25.49,25.39,25.42,1800,0.0,0,RVNU
2019-01-15,25.38,25.5,25.37,25.38,6600,0.0,0,RVNU
2019-01-16,25.47,25.5,25.38,25.4,3900,0.0,0,RVNU
2019-01-17,25.52,25.52,25.41,25.44,8500,0.0,0,RVNU
2019-01-18,25.41,25.44,25.41,25.43,3700,0.0,0,RVNU
2019-01-22,25.79,25.79,25.41,25.41,2600,0.0,0,RVNU
2019-01-23,25.39,25.41,25.35,25.38,2300,0.0,0,RVNU
2019-01-24,25.43,25.43,25.41,25.42,1600,0.0,0,RVNU
2019-01-25,25.44,25.44,25.33,25.37,3100,0.0,0,RVNU
2019-01-28,25.5,25.5,25.38,25.41,2800,0.0,0,RVNU
2019-01-29,25.36,25.42,25.36,25.39,1600,0.0,0,RVNU
2019-01-30,25.43,25.44,25.4,25.43,21000,0.0,0,RVNU
2019-01-31,25.51,25.55,25.5,25.55,6000,0.0,0,RVNU
2019-02-01,25.53,25.53,25.45,25.46,12100,0.066,0,RVNU
2019-02-04,25.54,25.54,25.5,25.54,2000,0.0,0,RVNU
2019-02-05,25.44,25.53,25.44,25.48,5500,0.0,0,RVNU
2019-02-06,25.43,25.58,25.43,25.52,31800,0.0,0,RVNU
2019-02-07,25.63,25.64,25.52,25.59,3500,0.0,0,RVNU
2019-02-08,25.63,25.68,25.63,25.65,7800,0.0,0,RVNU
2019-02-11,25.71,25.71,25.63,25.68,6500,0.0,0,RVNU
2019-02-12,25.65,25.7,25.62,25.7,27200,0.0,0,RVNU
2019-02-13,25.67,25.68,25.67,25.68,1300,0.0,0,RVNU
2019-02-14,25.68,25.7,25.68,25.7,2800,0.0,0,RVNU
2019-02-15,25.65,25.68,25.65,25.68,3400,0.0,0,RVNU
2019-02-19,25.78,25.78,25.71,25.71,2800,0.0,0,RVNU
2019-02-20,25.71,25.78,25.71,25.75,7600,0.0,0,RVNU
2019-02-21,25.76,25.76,25.72,25.73,5500,0.0,0,RVNU
2019-02-22,25.78,25.81,25.77,25.81,18800,0.0,0,RVNU
2019-02-25,25.77,25.82,25.77,25.79,2400,0.0,0,RVNU
2019-02-26,25.82,25.83,25.78,25.82,5400,0.0,0,RVNU
2019-02-27,25.78,25.86,25.77,25.77,8600,0.0,0,RVNU
2019-02-28,25.8,25.81,25.77,25.77,1400,0.0,0,RVNU
2019-03-01,25.82,25.82,25.75,25.8,40600,0.066,0,RVNU
2019-03-04,25.84,25.84,25.77,25.83,16500,0.0,0,RVNU
2019-03-05,25.82,25.85,25.82,25.84,2600,0.0,0,RVNU
2019-03-06,25.8,25.88,25.8,25.86,1900,0.0,0,RVNU
2019-03-07,25.91,25.97,25.9,25.91,67500,0.0,0,RVNU
2019-03-08,25.96,25.98,25.9,25.95,13800,0.0,0,RVNU
2019-03-11,25.94,25.98,25.93,25.98,9600,0.0,0,RVNU
2019-03-12,25.96,25.97,25.93,25.97,1800,0.0,0,RVNU
2019-03-13,26.01,26.01,25.98,25.98,6500,0.0,0,RVNU
2019-03-14,26.0,26.01,25.97,25.97,3400,0.0,0,RVNU
2019-03-15,25.98,26.04,25.96,26.02,10700,0.0,0,RVNU
2019-03-18,26.07,26.07,25.96,26.0,1900,0.0,0,RVNU
2019-03-19,25.97,26.05,25.97,26.04,6800,0.0,0,RVNU
2019-03-20,26.01,26.14,26.01,26.14,6300,0.0,0,RVNU
2019-03-21,26.2,26.2,26.14,26.15,3100,0.0,0,RVNU
2019-03-22,26.24,26.32,26.24,26.29,3100,0.0,0,RVNU
2019-03-25,26.32,26.41,26.29,26.4,27200,0.0,0,RVNU
2019-03-26,26.36,26.38,26.34,26.38,2400,0.0,0,RVNU
2019-03-27,26.4,26.5,26.4,26.49,1000,0.0,0,RVNU
2019-03-28,26.48,26.5,26.43,26.49,10600,0.0,0,RVNU
2019-03-29,26.54,26.54,26.36,26.49,44900,0.0,0,RVNU
2019-04-01,26.52,26.52,26.33,26.39,7100,0.066,0,RVNU
2019-04-02,26.52,26.52,26.38,26.4,6300,0.0,0,RVNU
2019-04-03,26.39,26.39,26.36,26.37,57300,0.0,0,RVNU
2019-04-04,26.28,26.39,26.28,26.36,4200,0.0,0,RVNU
2019-04-05,26.3,26.35,26.29,26.35,6700,0.0,0,RVNU
2019-04-08,26.35,26.35,26.31,26.35,4700,0.0,0,RVNU
2019-04-09,26.23,26.39,26.23,26.39,14200,0.0,0,RVNU
2019-04-10,26.44,26.44,26.4,26.42,5700,0.0,0,RVNU
2019-04-11,26.43,26.47,26.41,26.44,6000,0.0,0,RVNU
2019-04-12,26.42,26.42,26.39,26.41,12900,0.0,0,RVNU
2019-04-15,26.21,26.45,26.21,26.42,6300,0.0,0,RVNU
2019-04-16,26.34,26.44,26.34,26.41,13600,0.0,0,RVNU
2019-04-17,26.46,26.46,26.36,26.39,9000,0.0,0,RVNU
2019-04-18,26.39,26.44,26.37,26.44,4800,0.0,0,RVNU
2019-04-22,26.47,26.47,26.38,26.45,13100,0.0,0,RVNU
2019-04-23,26.46,26.52,26.39,26.52,7500,0.0,0,RVNU
2019-04-24,26.52,26.57,26.51,26.55,5300,0.0,0,RVNU
2019-04-25,26.54,26.59,26.54,26.57,5200,0.0,0,RVNU
2019-04-26,26.67,26.67,26.59,26.63,65400,0.0,0,RVNU
2019-04-29,26.66,26.66,26.59,26.62,16000,0.0,0,RVNU
2019-04-30,26.65,26.69,26.58,26.66,33800,0.0,0,RVNU
2019-05-01,26.69,26.72,26.68,26.7,21800,0.064,0,RVNU
2019-05-02,26.72,26.72,26.68,26.69,5100,0.0,0,RVNU
2019-05-03,26.67,26.71,26.67,26.69,3300,0.0,0,RVNU
2019-05-06,26.76,26.82,26.75,26.79,4300,0.0,0,RVNU
2019-05-07,26.81,26.83,26.79,26.81,55800,0.0,0,RVNU
2019-05-08,26.9,26.9,26.79,26.82,8400,0.0,0,RVNU
2019-05-09,26.82,26.87,26.82,26.85,5100,0.0,0,RVNU
2019-05-10,26.89,26.89,26.84,26.88,4700,0.0,0,RVNU
2019-05-13,26.96,26.97,26.92,26.94,8500,0.0,0,RVNU
2019-05-14,26.88,26.95,26.88,26.92,9400,0.0,0,RVNU
2019-05-15,27.05,27.05,26.99,26.99,3300,0.0,0,RVNU
2019-05-16,27.0,27.03,26.96,27.01,10500,0.0,0,RVNU
2019-05-17,27.05,27.05,27.02,27.02,400,0.0,0,RVNU
2019-05-20,27.05,27.05,27.0,27.02,4100,0.0,0,RVNU
2019-05-21,26.99,27.02,26.91,26.96,7500,0.0,0,RVNU
2019-05-22,26.95,26.96,26.91,26.92,6600,0.0,0,RVNU
2019-05-23,26.93,27.03,26.9,27.0,9800,0.0,0,RVNU
2019-05-24,27.04,27.04,26.91,26.96,5800,0.0,0,RVNU
2019-05-28,27.03,27.05,27.01,27.05,6100,0.0,0,RVNU
2019-05-29,27.13,27.13,27.05,27.09,5100,0.0,0,RVNU
2019-05-30,27.13,27.13,27.06,27.07,10700,0.0,0,RVNU
2019-05-31,27.2,27.2,27.14,27.17,12600,0.0,0,RVNU
2019-06-03,27.24,27.24,27.15,27.22,5300,0.062,0,RVNU
2019-06-04,27.23,27.23,27.14,27.18,1800,0.0,0,RVNU
2019-06-05,27.18,27.18,27.15,27.17,3500,0.0,0,RVNU
2019-06-06,27.13,27.21,27.13,27.17,2200,0.0,0,RVNU
2019-06-07,27.2,27.24,27.2,27.22,4000,0.0,0,RVNU
2019-06-10,27.25,27.25,27.14,27.17,17800,0.0,0,RVNU
2019-06-11,27.23,27.23,27.13,27.18,7600,0.0,0,RVNU
2019-06-12,27.19,27.19,27.08,27.1,189200,0.0,0,RVNU
2019-06-13,27.12,27.12,27.09,27.11,1300,0.0,0,RVNU
2019-06-14,27.08,27.11,27.08,27.11,3300,0.0,0,RVNU
2019-06-17,27.09,27.14,27.09,27.1,26300,0.0,0,RVNU
2019-06-18,27.21,27.21,27.12,27.14,12100,0.0,0,RVNU
2019-06-19,27.04,27.15,27.04,27.15,8100,0.0,0,RVNU
2019-06-20,27.13,27.19,27.13,27.18,4900,0.0,0,RVNU
2019-06-21,27.17,27.17,27.12,27.14,3500,0.0,0,RVNU
2019-06-24,27.23,27.23,27.15,27.18,3600,0.0,0,RVNU
2019-06-25,27.13,27.2,27.12,27.17,13300,0.0,0,RVNU
2019-06-26,27.13,27.16,27.09,27.12,53100,0.0,0,RVNU
2019-06-27,27.09,27.17,27.09,27.17,11500,0.0,0,RVNU
2019-06-28,27.23,27.23,27.15,27.18,5100,0.0,0,RVNU
2019-07-01,27.24,27.24,27.11,27.18,6600,0.06,0,RVNU
2019-07-02,27.12,27.21,27.12,27.2,3600,0.0,0,RVNU
2019-07-03,27.25,27.25,27.17,27.2,2200,0.0,0,RVNU
2019-07-05,27.26,27.26,27.11,27.21,3400,0.0,0,RVNU
2019-07-08,27.23,27.25,27.23,27.25,7600,0.0,0,RVNU
2019-07-09,27.3,27.3,27.24,27.25,4800,0.0,0,RVNU
2019-07-10,27.27,27.29,27.23,27.25,2900,0.0,0,RVNU
2019-07-11,27.29,27.29,27.22,27.22,3600,0.0,0,RVNU
2019-07-12,27.31,27.31,27.26,27.27,900,0.0,0,RVNU
2019-07-15,27.27,27.31,27.26,27.27,7100,0.0,0,RVNU
2019-07-16,27.32,27.32,27.25,27.27,3600,0.0,0,RVNU
2019-07-17,27.32,27.32,27.28,27.3,7200,0.0,0,RVNU
2019-07-18,27.3,27.3,27.28,27.29,1700,0.0,0,RVNU
2019-07-19,27.33,27.34,27.33,27.33,6300,0.0,0,RVNU
2019-07-22,27.33,27.34,27.3,27.33,1100,0.0,0,RVNU
2019-07-23,27.27,27.31,27.27,27.28,11000,0.0,0,RVNU
2019-07-24,27.38,27.38,27.3,27.33,5100,0.0,0,RVNU
2019-07-25,27.43,27.43,27.34,27.36,1700,0.0,0,RVNU
2019-07-26,27.37,27.37,27.32,27.34,9500,0.0,0,RVNU
2019-07-29,27.37,27.39,27.34,27.37,17300,0.0,0,RVNU
2019-07-30,27.37,27.43,27.35,27.41,11400,0.0,0,RVNU
2019-07-31,27.46,27.46,27.39,27.43,4900,0.0,0,RVNU
2019-08-01,27.4,27.51,27.4,27.5,14200,0.06,0,RVNU
2019-08-02,27.56,27.59,27.56,27.56,4000,0.0,0,RVNU
2019-08-05,27.59,27.69,27.59,27.66,15400,0.0,0,RVNU
2019-08-06,27.7,27.72,27.63,27.7,11000,0.0,0,RVNU
2019-08-07,27.81,27.83,27.78,27.78,13000,0.0,0,RVNU
2019-08-08,27.7,27.81,27.7,27.8,5800,0.0,0,RVNU
2019-08-09,27.83,27.83,27.76,27.76,24100,0.0,0,RVNU
2019-08-12,27.93,27.93,27.83,27.88,10500,0.0,0,RVNU
2019-08-13,27.86,27.89,27.86,27.88,12200,0.0,0,RVNU
2019-08-14,27.96,28.06,27.96,28.06,5200,0.0,0,RVNU
2019-08-15,28.13,28.13,28.04,28.12,4800,0.0,0,RVNU
2019-08-16,28.05,28.11,28.05,28.1,2600,0.0,0,RVNU
2019-08-19,28.08,28.09,28.02,28.07,18100,0.0,0,RVNU
2019-08-20,28.16,28.16,28.08,28.1,4100,0.0,0,RVNU
2019-08-21,28.08,28.09,28.02,28.08,2300,0.0,0,RVNU
2019-08-22,28.04,28.05,28.03,28.03,900,0.0,0,RVNU
2019-08-23,28.05,28.05,28.03,28.05,1400,0.0,0,RVNU
2019-08-26,28.1,28.1,28.02,28.06,4500,0.0,0,RVNU
2019-08-27,28.13,28.13,28.05,28.1,4200,0.0,0,RVNU
2019-08-28,28.14,28.2,28.14,28.17,2300,0.0,0,RVNU
2019-08-29,28.07,28.15,28.07,28.15,3000,0.0,0,RVNU
2019-08-30,28.17,28.17,28.1,28.13,11700,0.0,0,RVNU
2019-09-03,28.15,28.19,28.15,28.18,5100,0.0,0,RVNU
2019-09-04,28.13,28.2,28.13,28.18,5000,0.06,0,RVNU
2019-09-05,28.18,28.18,28.05,28.1,14800,0.0,0,RVNU
2019-09-06,27.99,28.1,27.99,28.09,2400,0.0,0,RVNU
2019-09-09,28.04,28.04,27.94,27.97,8900,0.0,0,RVNU
2019-09-10,27.93,27.93,27.88,27.92,7900,0.0,0,RVNU
2019-09-11,27.91,27.91,27.85,27.86,9100,0.0,0,RVNU
2019-09-12,27.8,27.87,27.77,27.77,5900,0.0,0,RVNU
2019-09-13,27.68,27.72,27.66,27.68,3400,0.0,0,RVNU
2019-09-16,27.73,27.73,27.64,27.64,63300,0.0,0,RVNU
2019-09-17,27.62,27.66,27.61,27.64,15300,0.0,0,RVNU
2019-09-18,27.67,27.73,27.67,27.69,21300,0.0,0,RVNU
2019-09-19,27.74,27.78,27.49,27.75,24900,0.0,0,RVNU
2019-09-20,27.79,27.83,27.73,27.83,4200,0.0,0,RVNU
2019-09-23,27.9,27.93,27.84,27.88,24500,0.0,0,RVNU
2019-09-24,27.89,27.91,27.85,27.91,7100,0.0,0,RVNU
2019-09-25,27.85,27.9,27.85,27.9,1100,0.0,0,RVNU
2019-09-26,27.85,27.89,27.85,27.86,6000,0.0,0,RVNU
2019-09-27,27.93,27.93,27.83,27.84,8600,0.0,0,RVNU
2019-09-30,27.89,27.91,27.86,27.9,16100,0.0,0,RVNU
2019-10-01,27.88,27.92,27.83,27.85,6200,0.058,0,RVNU
2019-10-02,27.91,27.97,27.91,27.94,6200,0.0,0,RVNU
2019-10-03,28.03,28.04,27.97,28.04,8800,0.0,0,RVNU
2019-10-04,28.01,28.05,28.01,28.05,15400,0.0,0,RVNU
2019-10-07,28.05,28.09,28.02,28.06,6100,0.0,0,RVNU
2019-10-08,28.06,28.12,28.06,28.12,86800,0.0,0,RVNU
2019-10-09,28.15,28.15,28.07,28.1,17900,0.0,0,RVNU
2019-10-10,28.1,28.1,28.06,28.06,35800,0.0,0,RVNU
2019-10-11,28.03,28.03,27.86,27.87,68100,0.0,0,RVNU
2019-10-14,28.03,28.03,27.9,27.97,12700,0.0,0,RVNU
2019-10-15,27.95,27.98,27.92,27.92,5200,0.0,0,RVNU
2019-10-16,27.94,27.94,27.84,27.88,113800,0.0,0,RVNU
2019-10-17,27.82,27.87,27.8,27.84,4700,0.0,0,RVNU
2019-10-18,27.83,27.83,27.77,27.81,11600,0.0,0,RVNU
2019-10-21,27.78,27.8,27.75,27.77,2800,0.0,0,RVNU
2019-10-22,27.76,27.76,27.71,27.73,2900,0.0,0,RVNU
2019-10-23,27.76,27.76,27.75,27.75,9000,0.0,0,RVNU
2019-10-24,27.76,27.76,27.73,27.75,8300,0.0,0,RVNU
2019-10-25,27.76,27.76,27.72,27.72,4300,0.0,0,RVNU
2019-10-28,27.73,27.75,27.7,27.74,10400,0.0,0,RVNU
2019-10-29,27.75,27.75,27.69,27.73,6900,0.0,0,RVNU
2019-10-30,27.7,27.74,27.69,27.73,5900,0.0,0,RVNU
2019-10-31,27.86,27.9,27.85,27.9,7800,0.0,0,RVNU
2019-11-01,27.96,27.96,27.85,27.87,16000,0.059,0,RVNU
2019-11-04,27.76,27.86,27.75,27.84,11900,0.0,0,RVNU
2019-11-05,27.8,27.81,27.71,27.73,29600,0.0,0,RVNU
2019-11-06,27.87,27.87,27.72,27.74,15600,0.0,0,RVNU
2019-11-07,27.69,27.75,27.67,27.69,14900,0.0,0,RVNU
2019-11-08,27.69,27.7,27.57,27.62,10600,0.0,0,RVNU
2019-11-11,27.63,27.65,27.59,27.64,6600,0.0,0,RVNU
2019-11-12,27.65,27.65,27.58,27.61,7700,0.0,0,RVNU
2019-11-13,27.68,27.69,27.64,27.68,10300,0.0,0,RVNU
2019-11-14,27.65,27.75,27.65,27.74,10800,0.0,0,RVNU
2019-11-15,27.79,27.79,27.7,27.75,5200,0.0,0,RVNU
2019-11-18,27.71,27.73,27.7,27.71,5900,0.0,0,RVNU
2019-11-19,27.75,27.77,27.71,27.73,10200,0.0,0,RVNU
2019-11-20,27.8,27.8,27.75,27.79,13900,0.0,0,RVNU
2019-11-21,27.84,27.84,27.82,27.83,2400,0.0,0,RVNU
2019-11-22,27.83,27.86,27.83,27.86,1600,0.0,0,RVNU
2019-11-25,27.92,27.92,27.86,27.88,52300,0.0,0,RVNU
2019-11-26,27.94,27.96,27.89,27.91,18400,0.0,0,RVNU
2019-11-27,27.91,27.94,27.89,27.92,5000,0.0,0,RVNU
2019-11-29,27.9,27.93,27.9,27.93,2800,0.0,0,RVNU
2019-12-02,28.04,28.04,27.84,27.88,7700,0.0,0,RVNU
2019-12-03,27.95,27.98,27.92,27.96,11700,0.058,0,RVNU
2019-12-04,27.99,28.0,27.95,27.97,10000,0.0,0,RVNU
2019-12-05,27.9,27.99,27.9,27.95,7100,0.0,0,RVNU
2019-12-06,27.98,27.98,27.9,27.94,5900,0.0,0,RVNU
2019-12-09,27.95,28.0,27.93,27.95,11200,0.0,0,RVNU
2019-12-10,27.97,27.99,27.95,27.96,8300,0.0,0,RVNU
2019-12-11,28.08,28.08,27.98,28.01,5300,0.0,0,RVNU
2019-12-12,28.09,28.09,27.95,27.95,17200,0.0,0,RVNU
2019-12-13,27.99,28.04,27.96,28.0,4500,0.0,0,RVNU
2019-12-16,28.06,28.07,28.02,28.02,5500,0.0,0,RVNU
2019-12-17,28.0,28.05,27.98,28.04,6300,0.0,0,RVNU
2019-12-18,28.1,28.1,28.01,28.05,9500,0.0,0,RVNU
2019-12-19,28.02,28.03,27.99,28.0,5700,0.0,0,RVNU
2019-12-20,28.03,28.03,27.96,27.96,3300,0.095,0,RVNU
2019-12-23,28.02,28.03,27.96,28.0,28900,0.0,0,RVNU
2019-12-24,28.05,28.05,28.01,28.03,900,0.0,0,RVNU
2019-12-26,28.03,28.05,27.99,28.05,10800,0.0,0,RVNU
2019-12-27,27.98,28.04,27.98,28.04,4400,0.0,0,RVNU
2019-12-30,28.23,28.23,28.03,28.06,6600,0.0,0,RVNU
2019-12-31,28.1,28.1,28.03,28.04,49600,0.0,0,RVNU
2020-01-02,28.08,28.08,28.02,28.06,13200,0.0,0,RVNU
2020-01-03,28.11,28.22,28.11,28.21,5700,0.0,0,RVNU
2020-01-06,28.34,28.34,28.19,28.22,19000,0.0,0,RVNU
2020-01-07,28.26,28.27,28.19,28.25,10100,0.0,0,RVNU
2020-01-08,28.23,28.3,28.23,28.27,54000,0.0,0,RVNU
2020-01-09,28.28,28.29,28.23,28.26,4200,0.0,0,RVNU
2020-01-10,28.28,28.3,28.26,28.26,12600,0.0,0,RVNU
2020-01-13,28.24,28.29,28.22,28.27,3700,0.0,0,RVNU
2020-01-14,28.31,28.33,28.3,28.33,6700,0.0,0,RVNU
2020-01-15,28.38,28.38,28.32,28.37,16200,0.0,0,RVNU
2020-01-16,28.3,28.39,28.3,28.35,11400,0.0,0,RVNU
2020-01-17,28.42,28.42,28.3,28.37,6900,0.0,0,RVNU
2020-01-21,28.35,28.45,28.31,28.43,138600,0.0,0,RVNU
2020-01-22,28.48,28.48,28.42,28.44,13300,0.0,0,RVNU
2020-01-23,28.5,28.52,28.45,28.49,142700,0.0,0,RVNU
2020-01-24,28.55,28.55,28.5,28.51,7500,0.0,0,RVNU
2020-01-27,28.64,28.65,28.59,28.61,11700,0.0,0,RVNU
2020-01-28,28.68,28.68,28.57,28.62,3500,0.0,0,RVNU
2020-01-29,28.64,28.68,28.62,28.68,4000,0.0,0,RVNU
2020-01-30,28.76,28.76,28.65,28.68,11100,0.0,0,RVNU
2020-01-31,28.77,28.77,28.7,28.73,12800,0.0,0,RVNU
2020-02-03,28.95,28.95,28.67,28.7,29600,0.05,0,RVNU
2020-02-04,28.67,28.69,28.59,28.6,13200,0.0,0,RVNU
2020-02-05,28.59,28.66,28.59,28.62,15000,0.0,0,RVNU
2020-02-06,28.63,28.63,28.55,28.59,8700,0.0,0,RVNU
2020-02-07,28.63,28.71,28.59,28.68,25300,0.0,0,RVNU
2020-02-10,28.72,28.72,28.65,28.67,5500,0.0,0,RVNU
2020-02-11,28.71,28.71,28.66,28.71,12100,0.0,0,RVNU
2020-02-12,28.72,28.72,28.66,28.71,6800,0.0,0,RVNU
2020-02-13,28.69,28.73,28.69,28.71,18000,0.0,0,RVNU
2020-02-14,28.72,28.76,28.7,28.73,5200,0.0,0,RVNU
2020-02-18,28.84,28.84,28.75,28.79,18300,0.0,0,RVNU
2020-02-19,28.75,28.81,28.72,28.79,13800,0.0,0,RVNU
2020-02-20,28.91,28.91,28.79,28.84,14700,0.0,0,RVNU
2020-02-21,28.92,29.02,28.9,28.97,9900,0.0,0,RVNU
2020-02-24,29.21,29.21,29.1,29.11,74500,0.0,0,RVNU
2020-02-25,29.22,29.24,29.14,29.21,9000,0.0,0,RVNU
2020-02-26,29.34,29.34,29.2,29.22,74000,0.0,0,RVNU
2020-02-27,29.28,29.36,29.25,29.29,22100,0.0,0,RVNU
2020-02-28,29.43,29.43,29.22,29.24,26300,0.0,0,RVNU
2020-03-02,29.22,29.31,29.19,29.24,96200,0.05,0,RVNU
2020-03-03,29.15,29.3,29.12,29.19,22600,0.0,0,RVNU
2020-03-04,29.2,29.28,29.11,29.16,20500,0.0,0,RVNU
2020-03-05,29.13,29.22,29.13,29.22,8800,0.0,0,RVNU
2020-03-06,29.18,29.28,29.16,29.16,5000,0.0,0,RVNU
2020-03-09,29.43,29.48,29.33,29.43,42443,0.0,0,RVNU
